category,name,sku,price,unit,url,image,scraped_time
Lumber,2x4x10' Premium SPF,S2410,$5.99,/each,https://shop.newcanadianslumber.com/p/2x4x10-premium-spf/S2410,https://ik.imagekit.io/toolbx/src-img/187837322557,2026-01-06 16:07:02.159104
Lumber,2x4x8' Premium SPF,S248,$3.99,/each,https://shop.newcanadianslumber.com/p/2x4x8-premium-spf/S248,https://ik.imagekit.io/toolbx/src-img/187837322557,03:22.6
Lumber,2x4x14' Premium SPF,S2414,8.69,/each,https://shop.newcanadianslumber.com/p/2x4x14-premium-spf/S2414,https://ik.imagekit.io/toolbx/src-img/187837322557,
Lumber,"2x4x92-5/8"" Select SPF",S249258,3.99,/each,https://shop.newcanadianslumber.com/p/2x4x92-58-select-spf/S249258,https://ik.imagekit.io/toolbx/1571159579338,
Lumber,2x4x12' Premium SPF,S2412,7.28,/each,https://shop.newcanadianslumber.com/p/2x4x12-premium-spf/S2412,https://toolbx-product-catalog.s3.us-east-1.amazonaws.com/ecommerce/CatalogOPSProject/TLBX/TLBX-01-109-0204.png,
Lumber,"2x4x104-5/8"" Premium SPF",S2410458,4.99,/each,https://shop.newcanadianslumber.com/p/2x4x104-58-premium-spf/S2410458,https://ik.imagekit.io/toolbx/src-img/187837322557,
Lumber,"2x4x116-5/8"" Premium SPF",S2411658,7.49,/each,https://shop.newcanadianslumber.com/p/2x4x116-58-premium-spf/S2411658,https://ik.imagekit.io/toolbx/1571159592375,
Lumber,2x4x16' Premium SPF,S2416,9.99,/each,https://shop.newcanadianslumber.com/p/2x4x16-premium-spf/S2416,https://ik.imagekit.io/toolbx/src-img/187837322557,
Lumber,2x2x8' Premium SPF,S228,3.89,/each,https://shop.newcanadianslumber.com/p/2x2x8-premium-spf/S228,https://ik.imagekit.io/toolbx/p_1606681496890_f18bc6f1-a47f-4f3d-ac01-99e80af90371.jpg,
Lumber,2x6x8' Premium SPF,S268,7.09,/each,https://shop.newcanadianslumber.com/p/2x6x8-premium-spf/S268,https://ik.imagekit.io/toolbx/src-img/131382506884,
Lumber,2x6x10' Premium SPF,S2610,11.09,/each,https://shop.newcanadianslumber.com/p/2x6x10-premium-spf/S2610,https://ik.imagekit.io/toolbx/src-img/131382506884,
Lumber,5/4x6x8' Cedar Deck Boards,C168DB,23.99,/each,https://shop.newcanadianslumber.com/p/54x6x8-cedar-deck-boards/C168DB,https://ik.imagekit.io/toolbx/p_1606681338979_6262cba8-06c4-408e-8edd-bad7a4876277.jpg,
Lumber,1x5x14' Poplar Lumber,POP1514,54.95,/each,https://shop.newcanadianslumber.com/p/1x5x14-poplar-lumber/POP1514,https://ik.imagekit.io/toolbx/p_1657819548068_cb092742-b2ce-4206-9eb8-5dea65dd0812.jpg,
Lumber,"4x8x3/4"" PT Privacy Diagonal Lattice - Custom Order",PL4834PP,134,/each,https://shop.newcanadianslumber.com/p/4x8x34-pt-privacy-diagonal-lattice-custom-order/PL4834PP,https://ik.imagekit.io/toolbx/ecommerce/NCL/PL4834PP.jpg,
Lumber,1x12x16' Barn-Board - One Side Rough/One Smooth,P11216BB,48.99,/each,https://shop.newcanadianslumber.com/p/1x12x16-barn-board-one-side-roughone-smooth/P11216BB,https://ik.imagekit.io/toolbx/ecommerce/NCL/P11216BB.jpeg,
Lumber,Gorman Elite Pine 1x6x8' T&G,P168TG,15.99,/each,https://shop.newcanadianslumber.com/p/gorman-elite-pine-1x6x8-tg/P168TG,https://ik.imagekit.io/toolbx/ecommerce/NCL/P168TG.jpeg,
Lumber,"2"" X 4"" X 12' TIMBERSTRAND LSL 1.35",TS2412,36.95,/each,https://shop.newcanadianslumber.com/p/2-x-4-x-12-timberstrand-lsl-135/TS2412,https://ik.imagekit.io/toolbx/demo/catalog-images/toolbxLVL_2-198d84580f2.png,
Lumber,Knotty Cedar 1x6x8' T&G,C168KTG,27.59,/each,https://shop.newcanadianslumber.com/p/knotty-cedar-1x6x8-tg/C168KTG,https://toolbx-product-catalog.s3.us-east-1.amazonaws.com/ecommerce/CatalogOPSProject/GenerativeAIProject/Cedar/T%26GCedar.png,
Lumber,"1x8x1"" Diagonal Cedar Lattice - Custom Order",CL181D,57,/each,https://shop.newcanadianslumber.com/p/1x8x1-diagonal-cedar-lattice-custom-order/CL181D,https://ik.imagekit.io/toolbx/ecommerce/NCL/CL181D.jpg,
Lumber,Pine 2-1/4 Crown Moulding,CRO-202,2.68,/each,https://shop.newcanadianslumber.com/p/pine-2-14-crown-moulding/CRO-202,https://ik.imagekit.io/toolbx/1749671763432,
Lumber,"4x8x1"" PT Privacy Diagonal Lattice - Custom Order",PL481PP,155,/each,https://shop.newcanadianslumber.com/p/4x8x1-pt-privacy-diagonal-lattice-custom-order/PL481PP,https://ik.imagekit.io/toolbx/ecommerce/NCL/PL281PP.jpg,
Lumber,1x4x8' Finger-Joint Pine,FJ148,11.59,/each,https://shop.newcanadianslumber.com/p/1x4x8-finger-joint-pine/FJ148,https://ik.imagekit.io/toolbx/ecommerce/NCL/FJ148.jpeg,
Lumber,1x4x8' T&G Knotty Cedar Lumber,C148KTG,11.99,/each,https://shop.newcanadianslumber.com/p/1x4x8-tg-knotty-cedar-lumber/C148KTG,https://ik.imagekit.io/toolbx/ecommerce/NCL/C148KTG.png,
Lumber,LVL Beam 11-7/8x8',LVL11788,73.95,/each,https://shop.newcanadianslumber.com/p/lvl-beam-11-78x8/LVL11788,https://ik.imagekit.io/toolbx/demo/catalog-images/toolbxLVL_2-198d84580f2.png,
Lumber,LVL Beam 11-7/8x10',LVL117810,91.95,/each,https://shop.newcanadianslumber.com/p/lvl-beam-11-78x10/LVL117810,https://ik.imagekit.io/toolbx/demo/catalog-images/toolbxLVL_2-198d84580f2.png,
Lumber,"4x8x1"" Privacy Diagonal Cedar Lattice - Custom Order",CL481PP,204,/each,https://shop.newcanadianslumber.com/p/4x8x1-privacy-diagonal-cedar-lattice-custom-order/CL481PP,https://ik.imagekit.io/toolbx/ecommerce/NCL/CL481PP.jpg,
Lumber,Roseburg Floor Joist 80S 11 7/8” X 24’,FJ80S117824,121.95,/each,https://shop.newcanadianslumber.com/p/roseburg-floor-joist-80s-11-78-x-24/FJ80S117824,https://ik.imagekit.io/toolbx/p_1694836826736_6cb9baab-4bc3-4c64-863c-4727da3b37f1_FJ80S117824.jpg,
Lumber,1x8x12' Pine #1,P1816,39.9,/each,https://shop.newcanadianslumber.com/p/1x8x12-pine-1/P1816,https://ik.imagekit.io/toolbx/p_1667537444978_7df3143d-970a-492b-99d8-51b7d8558b69_P1816.jpg,
Lumber,1x2x3' Oak Lumber,O123,3.99,/each,https://shop.newcanadianslumber.com/p/1x2x3-oak-lumber/O123,https://ik.imagekit.io/toolbx/ecommerce/NCL/O123.jpeg,
Lumber,1x10x14' Poplar Lumber,POP11014,125.08,/each,https://shop.newcanadianslumber.com/p/1x10x14-poplar-lumber/POP11014,https://ik.imagekit.io/toolbx/p_1657819569541_318f2a78-d08e-4261-ad4a-77e6b8dc35c9.jpg,
Lumber,"8' x 1"" Pressure Treated Diagonal Lattice - Custom Order",PL481D,110,/each,https://shop.newcanadianslumber.com/p/8-x-1-pressure-treated-diagonal-lattice-custom-order/PL481D,https://ik.imagekit.io/toolbx/p_1666902680253_c1303f05-86df-48d4-a903-562274721438_PL481D.jpg,
Lumber,1x12x12' Poplar Lumber,POP11212,139.28,/each,https://shop.newcanadianslumber.com/p/1x12x12-poplar-lumber/POP11212,https://ik.imagekit.io/toolbx/p_1657819575691_7c206500-c96c-4e94-b933-33af65980b7f.jpg,
Lumber,Pine 1-1/4 Backband,BAC-102,2.05,/each,https://shop.newcanadianslumber.com/p/pine-1-14-backband/BAC-102,https://ik.imagekit.io/toolbx/1749663294473,
Lumber,2x6x14' Pine #1,P2614,48.16,/each,https://shop.newcanadianslumber.com/p/2x6x14-pine-1/P2614,https://ik.imagekit.io/toolbx/p_1657819542417_214373fd-28a1-4324-aaa2-6fa02f4ea5e4.jpg,
Lumber,2x12x20' Premium SPF,S21220,86.89,/each,https://shop.newcanadianslumber.com/p/2x12x20-premium-spf/S21220,https://ik.imagekit.io/toolbx/p_1606679949985_6fe71cb0-6314-4c44-b508-3f12966cc2a6.jpg,
Lumber,"2x8x3/4"" PT Square Lattice - Custom Order",PL2834S,63,/each,https://shop.newcanadianslumber.com/p/2x8x34-pt-square-lattice-custom-order/PL2834S,https://ik.imagekit.io/toolbx/ecommerce/NCL/PL2834S.jpg,
Lumber,1x8x14' Polar Lumber,POP1814,73.65,/each,https://shop.newcanadianslumber.com/p/1x8x14-polar-lumber/POP1814,https://ik.imagekit.io/toolbx/p_1657819562766_ff3ea016-59ac-4d49-82c4-5e5d6155b261.jpg,
Lumber,"2"" X 6""X 8' TIMBERSTRAND LSL 1.55",TS268,38.95,/each,https://shop.newcanadianslumber.com/p/2-x-6x-8-timberstrand-lsl-155/TS268,https://ik.imagekit.io/toolbx/demo/catalog-images/toolbxLVL_2-198d84580f2.png,
Lumber,LVL Beam 9-1/2x12',LVL91212,87.95,/each,https://shop.newcanadianslumber.com/p/lvl-beam-9-12x12/LVL91212,https://ik.imagekit.io/toolbx/demo/catalog-images/toolbxLVL_2-198d84580f2.png,
Lumber,1x10x6' Poplar Lumber,POP1106,53.61,/each,https://shop.newcanadianslumber.com/p/1x10x6-poplar-lumber/POP1106,https://ik.imagekit.io/toolbx/p_1657819572954_cf4ad988-3d36-4f97-b164-456cdea68f7e.jpg,
Lumber,5/4x6x10' Cedar Deck Boards,C1610DB,27.99,/each,https://shop.newcanadianslumber.com/p/54x6x10-cedar-deck-boards/C1610DB,https://ik.imagekit.io/toolbx/p_1606680328595_5710de79-1572-47e7-818e-1e666464e280.jpg,
Lumber,1x8x8' Pine #1,P188,19.95,/each,https://shop.newcanadianslumber.com/p/1x8x8-pine-1/P188,https://ik.imagekit.io/toolbx/p_1606679794842_886157c5-c7c3-4021-be2e-e6ffec46c330.jpg,
Lumber,2x12x16' Pine #1,P21216,134.94,/each,https://shop.newcanadianslumber.com/p/2x12x16-pine-1/P21216,https://ik.imagekit.io/toolbx/p_1657814314785_dcdbba93-fbae-422b-b14b-21b62016346b.jpg,
Lumber,1x6x6' T&G Knotty Cedar Lumber,C166KTG,12.69,/each,https://shop.newcanadianslumber.com/p/1x6x6-tg-knotty-cedar-lumber/C166KTG,https://ik.imagekit.io/toolbx/ecommerce/NCL/C166KTG.PNG,
Lumber,1x10x12' Poplar Lumber,POP11012,107.21,/each,https://shop.newcanadianslumber.com/p/1x10x12-poplar-lumber/POP11012,https://ik.imagekit.io/toolbx/p_1657819565518_7ae53595-7ecb-4aea-8801-2839e1975362.jpg,
Lumber,2x8x12' Premium Cedar,C2812,79.37,/each,https://shop.newcanadianslumber.com/p/2x8x12-premium-cedar/C2812,https://ik.imagekit.io/toolbx/ecommerce/NCL/2X8CEDAR.png,
Lumber,2x6x18' Premium SPF,S2618,24.99,/each,https://shop.newcanadianslumber.com/p/2x6x18-premium-spf/S2618,https://ik.imagekit.io/toolbx/1574782335617,
Lumber,"1x8x3/4"" Privacy Diagonal Cedar Lattice - Custom Order",CL1834PP,67,/each,https://shop.newcanadianslumber.com/p/1x8x34-privacy-diagonal-cedar-lattice-custom-order/CL1834PP,https://ik.imagekit.io/toolbx/ecommerce/NCL/CL1834PP.jpg,
Lumber,2x6x12' PT,PT2612,20.89,/each,https://shop.newcanadianslumber.com/p/2x6x12-pt/PT2612,https://ik.imagekit.io/toolbx/src-img/185514282908,
Lumber,Pine 4-1/4 Crown Moulding,CRO-400,4.62,/each,https://shop.newcanadianslumber.com/p/pine-4-14-crown-moulding/CRO-400,https://ik.imagekit.io/toolbx/1749732102773,
Lumber,1x6x5' PT,PT165,4.19,/each,https://shop.newcanadianslumber.com/p/1x6x5-pt/PT165,https://ik.imagekit.io/toolbx/p_1606681011211_f7dcdcae-f5ee-4a4e-828c-f8c0b37393f1.jpg,
Lumber,Roseburg Floor Joist 40S 9-1/2x18',FJ40S91218,63.95,/each,https://shop.newcanadianslumber.com/p/roseburg-floor-joist-40s-9-12x18/FJ40S91218,https://ik.imagekit.io/toolbx/i_joist.jpg,
Lumber,2x8x10' Premium SPF,S2810,18.99,/each,https://shop.newcanadianslumber.com/p/2x8x10-premium-spf/S2810,https://ik.imagekit.io/toolbx/src-img/188256261011,
Lumber,1x10x10' Poplar Lumber,POP11010,89.35,/each,https://shop.newcanadianslumber.com/p/1x10x10-poplar-lumber/POP11010,https://ik.imagekit.io/toolbx/p_1657819563639_9cbaa9bf-5104-45d8-8e48-a14a5e97eb05.jpg,
Lumber,1x6x10' Pine #1,P1610,19.99,/each,https://shop.newcanadianslumber.com/p/1x6x10-pine-1/P1610,https://toolbx-product-catalog.s3.us-east-1.amazonaws.com/ecommerce/CatalogOPSProject/TLBX/TLBX-01-101-0112.png,
Lumber,LVL Beam 14x24',LVL1424,258.95,/each,https://shop.newcanadianslumber.com/p/lvl-beam-14x24/LVL1424,https://ik.imagekit.io/toolbx/ecommerce/NCL/LVL1424.jpeg,
Lumber,1x2x8' Clear Pine,CP128,7.47,/each,https://shop.newcanadianslumber.com/p/1x2x8-clear-pine/CP128,https://ik.imagekit.io/toolbx/p_1606680042110_37b5899a-8d54-4fd6-9fcb-92942ce88a8a.jpg,
Lumber,1x6x16' SPF,S1616,11.99,/each,https://shop.newcanadianslumber.com/p/1x6x16-spf/S1616,https://ik.imagekit.io/toolbx/ecommerce/NCL/S1616.jpeg,
Lumber,LVL Beam 11-7/8x12',LVL117812,109.95,/each,https://shop.newcanadianslumber.com/p/lvl-beam-11-78x12/LVL117812,https://ik.imagekit.io/toolbx/demo/catalog-images/toolbxLVL_2-198d84580f2.png,
Lumber,4x4x8' PT,PT448,17.49,/each,https://shop.newcanadianslumber.com/p/4x4x8-pt/PT448,https://ik.imagekit.io/toolbx/p_1606681187710_021e45db-7584-4d8d-bf83-6ed2dee9cf17.jpg,
Lumber,2x12x12' Premium SPF,S21212,46.89,/each,https://shop.newcanadianslumber.com/p/2x12x12-premium-spf/S21212,https://toolbx-product-catalog.s3.us-east-1.amazonaws.com/ecommerce/CatalogOPSProject/TLBX/TLBX-01-109-0210.png,
Lumber,2x4x8' Grooved PT,PT248G,11.99,/each,https://shop.newcanadianslumber.com/p/2x4x8-grooved-pt/PT248G,https://ik.imagekit.io/toolbx/src-img/183591665951,
Lumber,2x6x20' Premium SPF,S2620,29.89,/each,https://shop.newcanadianslumber.com/p/2x6x20-premium-spf/S2620,https://ik.imagekit.io/toolbx/p_1606680003646_ed882e36-005c-4e03-95ce-a882d405a8a5.jpg,
Lumber,1x8x16' Finger-Joint Pine,FJ1816,45.99,/each,https://shop.newcanadianslumber.com/p/1x8x16-finger-joint-pine/FJ1816,https://ik.imagekit.io/toolbx/ecommerce/NCL/FJ1816.jpeg,
Lumber,LVL Beam 11-7/8 x 24',LVL117824,219.95,/each,https://shop.newcanadianslumber.com/p/lvl-beam-11-78-x-24/LVL117824,https://ik.imagekit.io/toolbx/p_1686369670392_cb1410da-2e7a-4456-a4de-cefd5357e2c6_LVL117824..jpg,
Lumber,1x12x14' Clear Pine,CP11214,72.47,/each,https://shop.newcanadianslumber.com/p/1x12x14-clear-pine/CP11214,https://ik.imagekit.io/toolbx/p_1657819508485_59364f72-7f74-4948-b5a2-709ef68df463.jpg,
Lumber,"2x8x1"" Privacy Diagonal Cedar Lattice - Custom Order",CL281PP,112,/each,https://shop.newcanadianslumber.com/p/2x8x1-privacy-diagonal-cedar-lattice-custom-order/CL281PP,https://ik.imagekit.io/toolbx/ecommerce/NCL/CL281PP.jpg,
Lumber,Pine 1-5/8 Colonial Door Stop,STO-101,1.31,/each,https://shop.newcanadianslumber.com/p/pine-1-58-colonial-door-stop/STO-101,https://ik.imagekit.io/toolbx/1749740961728,
Lumber,Pine 1-4/4 Shingle Moulding,SHI-102,1.97,/each,https://shop.newcanadianslumber.com/p/pine-1-44-shingle-moulding/SHI-102,https://ik.imagekit.io/toolbx/1749739673046,
Lumber,4x4x10' PT,PT4410,22.99,/each,https://shop.newcanadianslumber.com/p/4x4x10-pt/PT4410,https://toolbx-product-catalog.s3.us-east-1.amazonaws.com/ecommerce/CatalogOPSProject/TLBX/TLBX-01-104-0404.png,
Lumber,"1x4"" T&G Pine ""V"" Groove (price per Linear Foot)",P14TG,0.86,/each,https://shop.newcanadianslumber.com/p/1x4-tg-pine-v-groove-price-per-linear-foot/P14TG,https://ik.imagekit.io/toolbx/ecommerce/NCL/P14TG.jpeg,
Lumber,1x12x14' Pine #1,P11214,52.36,/each,https://shop.newcanadianslumber.com/p/1x12x14-pine-1/P11214,https://ik.imagekit.io/toolbx/p_1657819529241_8553d7a9-4e36-4efd-873f-d09b2e03ba85.jpg,
Lumber,"2x8x1"" PT Diagonal Lattice - Custom Order",PL281D,65,/each,https://shop.newcanadianslumber.com/p/2x8x1-pt-diagonal-lattice-custom-order/PL281D,https://ik.imagekit.io/toolbx/ecommerce/NCL/PL281D.jpg,
Lumber,"1x6 T&G Pine ""Flooring"" (price per Linear Foot)",P16TGF,1.39,/each,https://shop.newcanadianslumber.com/p/1x6-tg-pine-flooring-price-per-linear-foot/P16TGF,https://ik.imagekit.io/toolbx/ecommerce/NCL/P16TGF.jpeg,
Lumber,1x3x8' SPF,S138,3.09,/each,https://shop.newcanadianslumber.com/p/1x3x8-spf/S138,https://ik.imagekit.io/toolbx/src-img/197660502061,
Lumber,LVL Beam 9-1/2x20',LVL91220,146.95,/each,https://shop.newcanadianslumber.com/p/lvl-beam-9-12x20/LVL91220,https://ik.imagekit.io/toolbx/demo/catalog-images/toolbxLVL_2-198d84580f2.png,
Lumber,2x4x16' Premium Cedar,C2416,28.89,/each,https://shop.newcanadianslumber.com/p/2x4x16-premium-cedar/C2416,https://ik.imagekit.io/toolbx/ecommerce/NCL/9.26.22/C2416.png,
Lumber,1x6x8' Finger-Joint Pine,FJ168,18.99,/each,https://shop.newcanadianslumber.com/p/1x6x8-finger-joint-pine/FJ168,https://ik.imagekit.io/toolbx/ecommerce/NCL/FJ168.jpeg,
Lumber,1x12x8' Oak Lumber,O1128,102.9,/each,https://shop.newcanadianslumber.com/p/1x12x8-oak-lumber/O1128,https://ik.imagekit.io/toolbx/ecommerce/NCL/O1128.jpeg,
Lumber,2x10x8' PT,PT2108,24.99,/each,https://shop.newcanadianslumber.com/p/2x10x8-pt/PT2108,https://ik.imagekit.io/toolbx/src-img/160149351088,
Lumber,1x6x8' PT Fence Board,PT168,6.69,/each,https://shop.newcanadianslumber.com/p/1x6x8-pt-fence-board/PT168,https://ik.imagekit.io/toolbx/p_1689827532009_b69e1bf3-cff6-47e6-b3a3-71ed648bcc3b_PT168.jpg,
Lumber,"2x8x3/4"" PT Square Privacy Lattice - Custom Order",PL2834SQ,72,/each,https://shop.newcanadianslumber.com/p/2x8x34-pt-square-privacy-lattice-custom-order/PL2834SQ,https://ik.imagekit.io/toolbx/ecommerce/NCL/PL2834SQ.jpg,
Lumber,2x6x16' Premium Cedar,C2616,75.69,/each,https://shop.newcanadianslumber.com/p/2x6x16-premium-cedar/C2616,https://ik.imagekit.io/toolbx/1742386732381,
Lumber,2x10x10' Premium SPF,S21010,24.29,/each,https://shop.newcanadianslumber.com/p/2x10x10-premium-spf/S21010,https://ik.imagekit.io/toolbx/src-img/106968349651,
Lumber,2x6x8' Premium Cedar,C268,36.15,/each,https://shop.newcanadianslumber.com/p/2x6x8-premium-cedar/C268,https://ik.imagekit.io/toolbx/p_1606681255433_442e9058-c628-418b-b58a-901abf1cfcff.jpg,
Lumber,"Pine 1"" Outside Corner",OUT-007,2.18,/each,https://shop.newcanadianslumber.com/p/pine-1-outside-corner/OUT-007,https://ik.imagekit.io/toolbx/1749734910139,
Lumber,"2x6x92-5/8"" Premium SPF",S269258,7.09,/each,https://shop.newcanadianslumber.com/p/2x6x92-58-premium-spf/S269258,https://ik.imagekit.io/toolbx/src-img/131382506884,
Lumber,"2x8x3/4"" PT Diagonal Lattice - Custom Order",PL2834D,66,/each,https://shop.newcanadianslumber.com/p/2x8x34-pt-diagonal-lattice-custom-order/PL2834D,https://ik.imagekit.io/toolbx/ecommerce/NCL/PL2834D.jpg,
Lumber,2x4x12' Premium Cedar,C2412,25.6,/each,https://shop.newcanadianslumber.com/p/2x4x12-premium-cedar/C2412,https://ik.imagekit.io/toolbx/ecommerce/NCL/9.26.22/C2412.png,
Lumber,2x10x10' PT,PT21010,30.99,/each,https://shop.newcanadianslumber.com/p/2x10x10-pt/PT21010,https://ik.imagekit.io/toolbx/src-img/160149351088,
Lumber,"2x8x7/16"" PT Privacy Diagonal Lattice - Custom Order",PL28716PP,26.89,/each,https://shop.newcanadianslumber.com/p/2x8x716-pt-privacy-diagonal-lattice-custom-order/PL28716PP,https://ik.imagekit.io/toolbx/ecommerce/NCL/PL28716PP.jpg,
Lumber,2x8x10' Pine #1,P2810,45.76,/each,https://shop.newcanadianslumber.com/p/2x8x10-pine-1/P2810,https://ik.imagekit.io/toolbx/p_1657557964878_4fbe784a-c75f-4c55-866c-5269ee387129.jpg,
Lumber,6-Step Sienna PT Stair Stringer,PT6,49.99,/each,https://shop.newcanadianslumber.com/p/6-step-sienna-pt-stair-stringer/PT6,https://ik.imagekit.io/toolbx/p_1679631511889_32f655ef-c8a0-4a63-8972-264ad47a4fb7_PT6.jpg,
Lumber,"Pine 1-5/16"" x 2-1/2"" Handrail",HAN-200,5.29,/each,https://shop.newcanadianslumber.com/p/pine-1-516-x-2-12-handrail/HAN-200,https://ik.imagekit.io/toolbx/1749732940106,
Lumber,Pine 1-1/4 Colonial Door Stop,STO-100,1.2,/each,https://shop.newcanadianslumber.com/p/pine-1-14-colonial-door-stop/STO-100,https://ik.imagekit.io/toolbx/1749740639668,
Lumber,1x4x8' PT,PT148,5.39,/each,https://shop.newcanadianslumber.com/p/1x4x8-pt/PT148,https://ik.imagekit.io/toolbx/p_1606681073146_fa5968b9-2920-4558-b6cd-257a08179d03.jpg,
Lumber,5/4x6x10' PT,PT1610DB,11.99,/each,https://shop.newcanadianslumber.com/p/54x6x10-pt/PT1610DB,https://ik.imagekit.io/toolbx/p_1679631400241_a9882f79-2d1f-440c-87ef-c6cac99a1427_PT1610DB.jpg,
Lumber,Roseburg Floor Joist 40S 9-1/2x20',FJ40S91220,70.95,/each,https://shop.newcanadianslumber.com/p/roseburg-floor-joist-40s-9-12x20/FJ40S91220,https://ik.imagekit.io/toolbx/i_joist.jpg,
Lumber,2x8x16' Premium SPF,S2816,30.39,/each,https://shop.newcanadianslumber.com/p/2x8x16-premium-spf/S2816,https://toolbx-product-catalog.s3.us-east-1.amazonaws.com/ecommerce/CatalogOPSProject/TLBX/TLBX-01-109-0208.png,
Lumber,4x4x10' PT CANSTRIP,PT4410C,18.75,/each,https://shop.newcanadianslumber.com/p/4x4x10-pt-canstrip/PT4410C,https://ik.imagekit.io/toolbx/ecommerce/NCL/PT4410C.png,
Lumber,1x6x8' Oak Lumber,O168,47.25,/each,https://shop.newcanadianslumber.com/p/1x6x8-oak-lumber/O168,https://ik.imagekit.io/toolbx/ecommerce/NCL/O168.jpeg,
Lumber,LVL Beam 11-7/8x18',LVL117818,164.95,/each,https://shop.newcanadianslumber.com/p/lvl-beam-11-78x18/LVL117818,https://ik.imagekit.io/toolbx/demo/catalog-images/toolbxLVL_2-198d84580f2.png,
Lumber,3/8x7/8x7' Finger Jointed Pine Plain Door Stop Moulding,MFJ2691,7.19,/each,https://shop.newcanadianslumber.com/p/38x78x7-finger-jointed-pine-plain-door-stop-moulding/MFJ2691,https://ik.imagekit.io/toolbx/p_1606680317461_dc46bd02-1816-4c37-bcf4-51c45f2ef439.jpg,
Lumber,6x6x12' PT,PT6612,67.99,/each,https://shop.newcanadianslumber.com/p/6x6x12-pt/PT6612,https://ik.imagekit.io/toolbx/src-img/199514432099,
Lumber,1x6x6' PT,PT166,4.99,/each,https://shop.newcanadianslumber.com/p/1x6x6-pt/PT166,https://ik.imagekit.io/toolbx/src-img/143676259479,
Lumber,1x6x10' Kiln Dried SPF Strapping,S1610,7.49,/each,https://shop.newcanadianslumber.com/p/1x6x10-kiln-dried-spf-strapping/S1610,https://ik.imagekit.io/toolbx/p_1606679949928_8c83d76f-3eac-450f-b897-c6ddacabc91d.jpg,
Lumber,2x10x16' PT,PT21016,49.99,/each,https://shop.newcanadianslumber.com/p/2x10x16-pt/PT21016,https://ik.imagekit.io/toolbx/p_1679631391126_01d7d7bc-6d27-43e0-bf86-a241d6bf843e_PT21016.jpg,
Lumber,2x8x12' Pine #1,P2812,54.91,/each,https://shop.newcanadianslumber.com/p/2x8x12-pine-1/P2812,https://ik.imagekit.io/toolbx/p_1657814305986_56bfb0ba-785c-484b-9e6d-3c8dd6b3694b.jpg,
Lumber,"2x8x3/4"" Privacy Diagonal Cedar Lattice - Custom Order",CL2834PP,97,/each,https://shop.newcanadianslumber.com/p/2x8x34-privacy-diagonal-cedar-lattice-custom-order/CL2834PP,https://ik.imagekit.io/toolbx/ecommerce/NCL/CL2834PP.jpg,
Lumber,1x6x16' Premium Cedar,C1616,27.32,/each,https://shop.newcanadianslumber.com/p/1x6x16-premium-cedar/C1616,https://ik.imagekit.io/toolbx/p_1606681011218_8d919fde-ccb0-43a0-b80d-5623c1d4ef3a.jpg,
Lumber,2x8x10' Premium Cedar Lumber,C2810,63.79,/each,https://shop.newcanadianslumber.com/p/2x8x10-premium-cedar-lumber/C2810,https://ik.imagekit.io/toolbx/ecommerce/NCL/2X8CEDAR.png,
Lumber,2x8x24' Premium SPF,S2824,83.89,/each,https://shop.newcanadianslumber.com/p/2x8x24-premium-spf/S2824,https://ik.imagekit.io/toolbx/p_1729058937976_cc4ffc01-a8b7-40cf-bc9e-fac552fcd54b_S2824..jpg,
Lumber,1x6x14' Clear Pine,CP1614,43.35,/each,https://shop.newcanadianslumber.com/p/1x6x14-clear-pine/CP1614,https://ik.imagekit.io/toolbx/p_1657819516095_1a62ab78-d3ce-4818-89b5-5f0b7ce9292f.jpg,
Lumber,2x10x14' Premium SPF,S21014,31.89,/each,https://shop.newcanadianslumber.com/p/2x10x14-premium-spf/S21014,https://ik.imagekit.io/toolbx/src-img/106968349651,
Lumber,2x6x8' PT,PT268,13.99,/each,https://shop.newcanadianslumber.com/p/2x6x8-pt/PT268,https://ik.imagekit.io/toolbx/src-img/185514282908,
Lumber,1x10x8' Clear Pine,CP1108,32.3,/each,https://shop.newcanadianslumber.com/p/1x10x8-clear-pine/CP1108,https://ik.imagekit.io/toolbx/p_1657819508009_65f79444-fe9c-47ab-b9c8-239d81a06948.jpg,
Lumber,Roseburg Floor Joist 40S 9-1/2x14',FJ40S91214,49.95,/each,https://shop.newcanadianslumber.com/p/roseburg-floor-joist-40s-9-12x14/FJ40S91214,https://ik.imagekit.io/toolbx/i_joist.jpg,
Lumber,Pine 5-1/4 Baseboard,BAS-503,5.88,/each,https://shop.newcanadianslumber.com/p/pine-5-14-baseboard/BAS-503,https://ik.imagekit.io/toolbx/1749665141104,
Lumber,1x10x14' Clear Pine,CP11014,56.53,/each,https://shop.newcanadianslumber.com/p/1x10x14-clear-pine/CP11014,https://ik.imagekit.io/toolbx/p_1657819507044_586736bc-e0e9-45cb-9bba-fa752b232eee.jpg,
Lumber,2x10x12' Pine #1,P21012,70.94,/each,https://shop.newcanadianslumber.com/p/2x10x12-pine-1/P21012,https://ik.imagekit.io/toolbx/p_1657814309213_d7c09e95-06a2-41af-a7f0-c0174848192d.jpg,
Lumber,2x10x8' Pine #1,P2108,47.29,/each,https://shop.newcanadianslumber.com/p/2x10x8-pine-1/P2108,https://ik.imagekit.io/toolbx/p_1657814300569_9213192e-b184-47f0-8cad-574f75760229.jpg,
Lumber,2x6x16' Pine #1,P2616,55.04,/each,https://shop.newcanadianslumber.com/p/2x6x16-pine-1/P2616,https://ik.imagekit.io/toolbx/p_1657814305489_f28b15ac-d335-4da2-a5cc-d56620e946d3.jpg,
Lumber,Pine 2-1/8 Colonial Casing,CAS-203,3.8,/each,https://shop.newcanadianslumber.com/p/pine-2-18-colonial-casing/CAS-203,https://ik.imagekit.io/toolbx/1749667544218,
Lumber,1x8x8' Finger-Joint Pine,FJ188,23.99,/each,https://shop.newcanadianslumber.com/p/1x8x8-finger-joint-pine/FJ188,https://ik.imagekit.io/toolbx/ecommerce/NCL/FJ188.jpeg,
Lumber,2x10x12' Premium SPF,S21012,27.99,/each,https://shop.newcanadianslumber.com/p/2x10x12-premium-spf/S21012,https://toolbx-product-catalog.s3.us-east-1.amazonaws.com/ecommerce/CatalogOPSProject/TLBX/TLBX-01-109-0210.png,
Lumber,2x6x10' PT,PT2610,17.49,/each,https://shop.newcanadianslumber.com/p/2x6x10-pt/PT2610,https://ik.imagekit.io/toolbx/src-img/185514282908,
Lumber,2x10x10' Pine #1,P21010,59.12,/each,https://shop.newcanadianslumber.com/p/2x10x10-pine-1/P21010,https://ik.imagekit.io/toolbx/p_1657819533951_a0bf6df4-925c-473c-b1ce-06e233337038.jpg,
Lumber,"4x8x7/16"" Cedar Privacy-Plus - Custom Order",CL48716PP,59.99,/each,https://shop.newcanadianslumber.com/p/4x8x716-cedar-privacy-plus-custom-order/CL48716PP,https://ik.imagekit.io/toolbx/p_1606680340125_e39cac0d-6610-4148-8e85-adb8eab39904.jpg,
Lumber,"2"" X 6"" X 12' TIMBERSTRAND LSL 1.55",TS2612,58.95,/each,https://shop.newcanadianslumber.com/p/2-x-6-x-12-timberstrand-lsl-155/TS2612,https://ik.imagekit.io/toolbx/demo/catalog-images/toolbxLVL_2-198d84580f2.png,
Lumber,"1x8x7/16"" Privacy Diagonal Cedar Lattice - Custom Order",CL18716PP,15.59,/each,https://shop.newcanadianslumber.com/p/1x8x716-privacy-diagonal-cedar-lattice-custom-order/CL18716PP,https://ik.imagekit.io/toolbx/ecommerce/NCL/CL18716PP.jpg,
Lumber,1x8x8' Clear Pine,CP188,27.2,/each,https://shop.newcanadianslumber.com/p/1x8x8-clear-pine/CP188,https://ik.imagekit.io/toolbx/p_1657819520826_4cde87cf-bdab-4f56-bac8-a0954488788d.jpg,
Lumber,LVL Beam 11 7/8” X 36’,LVL117836,329.95,/each,https://shop.newcanadianslumber.com/p/lvl-beam-11-78-x-36/LVL117836,https://ik.imagekit.io/toolbx/p_1694836832125_81323d12-1745-466b-a5ac-5fe6ebd8431a_LVL117836.jpg,
Lumber,"1x8x3/4"" PT Privacy Diagonal Lattice - Custom Order",PL1834PP,54,/each,https://shop.newcanadianslumber.com/p/1x8x34-pt-privacy-diagonal-lattice-custom-order/PL1834PP,https://ik.imagekit.io/toolbx/ecommerce/NCL/PL1834PP.jpg,
Lumber,1x6x6' Clear Pine,CP166,17.34,/each,https://shop.newcanadianslumber.com/p/1x6x6-clear-pine/CP166,https://ik.imagekit.io/toolbx/ecommerce/NCL/CP166.png,
Lumber,1x3x8' Oak Lumber,O138,24.5,/each,https://shop.newcanadianslumber.com/p/1x3x8-oak-lumber/O138,https://ik.imagekit.io/toolbx/ecommerce/NCL/O138.jpeg,
Lumber,2x8x20' Premium SPF,S2820,42.99,/each,https://shop.newcanadianslumber.com/p/2x8x20-premium-spf/S2820,https://ik.imagekit.io/toolbx/p_1606679811622_4f4a9139-55ba-4965-95a1-a4f95bfcdb04.jpg,
Lumber,1x12x12' Pine #1,P11212,44.88,/each,https://shop.newcanadianslumber.com/p/1x12x12-pine-1/P11212,https://ik.imagekit.io/toolbx/p_1657819528797_217692fe-5194-4296-aff4-85834f09868d.jpg,
Lumber,5/4x6x16' Cedar Deck Boards,C1616DB,49.99,/each,https://shop.newcanadianslumber.com/p/54x6x16-cedar-deck-boards/C1616DB,https://ik.imagekit.io/toolbx/p_1606680275413_b0dc2abf-88d0-4097-8c34-653ba0f2032a.jpg,
Lumber,"Pine 4"" Baseboard",BAS-411,2.69,/each,https://shop.newcanadianslumber.com/p/pine-4-baseboard/BAS-411,https://ik.imagekit.io/toolbx/1749665018815,
Lumber,"4x8x1"" Diagonal Cedar Lattice - Custom Order",CL481D,145,/each,https://shop.newcanadianslumber.com/p/4x8x1-diagonal-cedar-lattice-custom-order/CL481D,https://ik.imagekit.io/toolbx/ecommerce/NCL/CL481D.jpg,
Lumber,1x12x16' Poplar Lumber,POP11216,185.7,/each,https://shop.newcanadianslumber.com/p/1x12x16-poplar-lumber/POP11216,https://ik.imagekit.io/toolbx/p_1657819576051_4d4364bc-5919-4827-a016-e1304dce556c.jpg,
Lumber,2x12x10' PT,PT21210,44.98,/each,https://shop.newcanadianslumber.com/p/2x12x10-pt/PT21210,https://ik.imagekit.io/toolbx/p_1606680166984_ab11dc01-e140-4584-b483-9589b345baab.jpg,
Lumber,"2x8x1"" PT Privacy Diagonal Lattice - Custom Order",PL281PP,82,/each,https://shop.newcanadianslumber.com/p/2x8x1-pt-privacy-diagonal-lattice-custom-order/PL281PP,https://ik.imagekit.io/toolbx/ecommerce/NCL/PL281PP.jpg,
Lumber,"2x2x36"" PT",PT36,3.19,/each,https://shop.newcanadianslumber.com/p/2x2x36-pt/PT36,https://ik.imagekit.io/toolbx/ecommerce/NCL/PT36.jpg,
Lumber,"4x8x1"" Square Cedar Lattice - Custom Order",CL481S,146,/each,https://shop.newcanadianslumber.com/p/4x8x1-square-cedar-lattice-custom-order/CL481S,https://ik.imagekit.io/toolbx/ecommerce/NCL/CL481S.jpg,
Lumber,Roseburg Floor Joist 80S 11 7/8” X 22’,FJ80S117822,111.95,/each,https://shop.newcanadianslumber.com/p/roseburg-floor-joist-80s-11-78-x-22/FJ80S117822,https://ik.imagekit.io/toolbx/p_1694836826222_f78302d7-a5fc-4578-b42c-5102f88fd9de_FJ80S117822.jpg,
Lumber,1x8x8' SPF,S188,7.99,/each,https://shop.newcanadianslumber.com/p/1x8x8-spf/S188,https://ik.imagekit.io/toolbx/ecommerce/NCL/S188.jpeg,
Lumber,2x12x8' PT,PT2128,36.99,/each,https://shop.newcanadianslumber.com/p/2x12x8-pt/PT2128,https://ik.imagekit.io/toolbx/1577130468086,
Lumber,1x10x10' Pine #1,P11010,29.75,/each,https://shop.newcanadianslumber.com/p/1x10x10-pine-1/P11010,https://ik.imagekit.io/toolbx/p_1657819522958_3e5b23f1-fba2-4972-8297-2032d1bc7fb0.jpg,
Lumber,1x1x8' PT,PT118,2.99,/each,https://shop.newcanadianslumber.com/p/1x1x8-pt/PT118,https://ik.imagekit.io/toolbx/p_1606681188049_e73ad74a-9df6-469c-9a21-b28b3b653cb5.jpg,
Lumber,2x6x10' Pine #1,P2610,34.4,/each,https://shop.newcanadianslumber.com/p/2x6x10-pine-1/P2610,https://ik.imagekit.io/toolbx/p_1657814303922_81a01380-bcca-4921-bc54-bccee19d12da.jpg,
Lumber,1x10x6' Pine #1,P1106,15.3,/each,https://shop.newcanadianslumber.com/p/1x10x6-pine-1/P1106,https://ik.imagekit.io/toolbx/p_1657819527729_11f2125f-f19a-42cd-b660-17fa1ab1b146.jpg,
Lumber,4x4 PT Chamfered Post Caps,PT44CAP,3.55,/each,https://shop.newcanadianslumber.com/p/4x4-pt-chamfered-post-caps/PT44CAP,https://ik.imagekit.io/toolbx/src-img/116339694027,
Lumber,Rimboard 14” x 12’,TS14,49.95,/each,https://shop.newcanadianslumber.com/p/rimboard-14-x-12/TS14,https://ik.imagekit.io/toolbx/p_1694836836875_5af11047-1ade-4670-9267-124734cff81c_TS14.jpg,
Lumber,"2x8x1"" PT Square Lattice - Custom Order",PL281S,66,/each,https://shop.newcanadianslumber.com/p/2x8x1-pt-square-lattice-custom-order/PL281S,https://ik.imagekit.io/toolbx/ecommerce/NCL/PL281S.jpg,
Lumber,"8'x3/4"" Privacy Square Cedar Lattice - Custom Order",CL1834PSQ,65,/each,https://shop.newcanadianslumber.com/p/8x34-privacy-square-cedar-lattice-custom-order/CL1834PSQ,https://ik.imagekit.io/toolbx/p_1666902991290_a10a0417-2c46-47c9-8826-5896e3dae51b_CL1834PSQ.jpg,
Lumber,2x12x24' Select Fir,S21224,149.89,/each,https://shop.newcanadianslumber.com/p/2x12x24-select-fir/S21224,https://ik.imagekit.io/toolbx/ecommerce/NCL/S21224.jpeg,
Lumber,Roseburg Floor Joist 80S 9-1/2x18',FJ80S91218,83.95,/each,https://shop.newcanadianslumber.com/p/roseburg-floor-joist-80s-9-12x18/FJ80S91218,https://ik.imagekit.io/toolbx/i_joist.jpg,
Lumber,"4x8x3/4"" PT Square Lattice - Custom Order",PL4834S,105,/each,https://shop.newcanadianslumber.com/p/4x8x34-pt-square-lattice-custom-order/PL4834S,https://ik.imagekit.io/toolbx/ecommerce/NCL/PL4834S.jpg,
Lumber,2x10x8' Premium SPF,S2108,18.69,/each,https://shop.newcanadianslumber.com/p/2x10x8-premium-spf/S2108,https://ik.imagekit.io/toolbx/src-img/106968349651,
Lumber,1x8x8' Poplar Lumber,POP188,42.08,/each,https://shop.newcanadianslumber.com/p/1x8x8-poplar-lumber/POP188,https://ik.imagekit.io/toolbx/p_1657819563217_fe1b8157-da8e-4728-953e-e42cd4231c9a.jpg,
Lumber,2x12x10' Premium SPF,S21210,37.98,/each,https://shop.newcanadianslumber.com/p/2x12x10-premium-spf/S21210,https://ik.imagekit.io/toolbx/src-img/106968349651,
Lumber,1x4x10' SPF,S1410,4.99,/each,https://shop.newcanadianslumber.com/p/1x4x10-spf/S1410,https://ik.imagekit.io/toolbx/p_1606680820611_059b38fd-6ea5-4721-877d-f64527382481.jpg,
Lumber,Roseburg Floor Joist 40S 11-7/8x20',FJ40S117820,76.95,/each,https://shop.newcanadianslumber.com/p/roseburg-floor-joist-40s-11-78x20/FJ40S117820,https://ik.imagekit.io/toolbx/i_joist.jpg,
Lumber,6x6x16' PT,PT6616,90.59,/each,https://shop.newcanadianslumber.com/p/6x6x16-pt/PT6616,https://ik.imagekit.io/toolbx/src-img/199514432099,
Lumber,2x6x14' PT,PT2614,24.29,/each,https://shop.newcanadianslumber.com/p/2x6x14-pt/PT2614,https://ik.imagekit.io/toolbx/p_1606680262025_84d208d7-6a0b-4c7e-a0d2-ccd4852e08b1.jpg,
Lumber,"1x8x3/4"" Square Cedar Lattice - Custom Order",CL1834S,55,/each,https://shop.newcanadianslumber.com/p/1x8x34-square-cedar-lattice-custom-order/CL1834S,https://ik.imagekit.io/toolbx/ecommerce/NCL/CL1834S.jpg,
Lumber,1x6x14' Poplar Lumber,POP1614,61.96,/each,https://shop.newcanadianslumber.com/p/1x6x14-poplar-lumber/POP1614,https://ik.imagekit.io/toolbx/p_1657819556175_a237ed9c-fc4a-4940-bcfe-69452cb06e22.jpg,
Lumber,1x6x8' Clear Pine,CP168,23.12,/each,https://shop.newcanadianslumber.com/p/1x6x8-clear-pine/CP168,https://ik.imagekit.io/toolbx/p_1606679795042_f5dc2147-d489-488c-bb93-222c67fa45f0.jpg,
Lumber,Roseburg Floor Joist 80S 11-7/8x14',FJ80S117814,70.95,/each,https://shop.newcanadianslumber.com/p/roseburg-floor-joist-80s-11-78x14/FJ80S117814,https://ik.imagekit.io/toolbx/i_joist.jpg,
Lumber,1x6x14' Pine #1,P1614,27.97,/each,https://shop.newcanadianslumber.com/p/1x6x14-pine-1/P1614,https://ik.imagekit.io/toolbx/p_1657819532458_949b6982-7f6d-4fa1-a3b7-6003e11545f1.jpg,
Lumber,1x5x8' Oak Lumber,O158,38.5,/each,https://shop.newcanadianslumber.com/p/1x5x8-oak-lumber/O158,https://ik.imagekit.io/toolbx/ecommerce/NCL/O158.jpeg,
Lumber,2x6x14' Premium SPF,S2614,16.29,/each,https://shop.newcanadianslumber.com/p/2x6x14-premium-spf/S2614,https://ik.imagekit.io/toolbx/src-img/131382506884,
Lumber,1x8x6' Clear Pine,CP186,20.4,/each,https://shop.newcanadianslumber.com/p/1x8x6-clear-pine/CP186,https://ik.imagekit.io/toolbx/p_1657819520281_35565cb1-151f-4775-992a-2e3a0d7a999a.jpg,
Lumber,"1x6"" T&G Clear Cedar (sold by LF)",C16TG,8.29,/each,https://shop.newcanadianslumber.com/p/1x6-tg-clear-cedar-sold-by-lf/C16TG,https://ik.imagekit.io/toolbx/p_1666898877296_9b9116af-da79-49d0-800c-f57a56a4df23_C16TG.jpg,
Lumber,LVL Beam 7-1/4 x 24',LVL71424,133.95,/each,https://shop.newcanadianslumber.com/p/lvl-beam-7-14-x-24/LVL71424,https://ik.imagekit.io/toolbx/p_1726126923686_bc05117d-c0fd-4ee8-9d35-2a4886077946_LVL71424.jpg,
Lumber,"Pine 1"" cove Moulding",COV-103,2.27,/each,https://shop.newcanadianslumber.com/p/pine-1-cove-moulding/COV-103,https://ik.imagekit.io/toolbx/1749671680238,
Lumber,2x6x12' Construction Cedar,C2612,56.79,/each,https://shop.newcanadianslumber.com/p/2x6x12-construction-cedar/C2612,https://ik.imagekit.io/toolbx/1742386723178,
Lumber,Pine 3-1/4 Crown Moulding,CRO-302,4.22,/each,https://shop.newcanadianslumber.com/p/pine-3-14-crown-moulding/CRO-302,https://ik.imagekit.io/toolbx/1749671951241,
Lumber,1x6x12' PT,PT1612,11.7,/each,https://shop.newcanadianslumber.com/p/1x6x12-pt/PT1612,https://ik.imagekit.io/toolbx/p_1606681187994_7d6c398a-ed30-43c7-a354-0f9659615643.jpg,
Lumber,2x8x14' Premium SPF,S2814,25.79,/each,https://shop.newcanadianslumber.com/p/2x8x14-premium-spf/S2814,https://ik.imagekit.io/toolbx/1571322239686,
Lumber,1x6x16' Finger-Jointed Pine,FJ1616,34.99,/each,https://shop.newcanadianslumber.com/p/1x6x16-finger-jointed-pine/FJ1616,https://ik.imagekit.io/toolbx/ecommerce/NCL/FJ1616.jpeg,
Lumber,"1x8x1"" PT Privacy Diagonal Lattice - Custom Order",PL181PP,58,/each,https://shop.newcanadianslumber.com/p/1x8x1-pt-privacy-diagonal-lattice-custom-order/PL181PP,https://ik.imagekit.io/toolbx/ecommerce/NCL/PL281PP.jpg,
Lumber,1x6x10' PT,PT1610,9.49,/each,https://shop.newcanadianslumber.com/p/1x6x10-pt/PT1610,https://ik.imagekit.io/toolbx/p_1606681023860_038dd132-7402-41c8-af15-349336b5c644.jpg,
Lumber,"1x8x3/4"" PT Square Privacy Lattice - Custom Order",PL1834SQ,51,/each,https://shop.newcanadianslumber.com/p/1x8x34-pt-square-privacy-lattice-custom-order/PL1834SQ,https://ik.imagekit.io/toolbx/ecommerce/NCL/PL1834SQ.jpg,
Lumber,Roseburg Floor Joist 40S 11-7/8x16',FJ40S117816,61.95,/each,https://shop.newcanadianslumber.com/p/roseburg-floor-joist-40s-11-78x16/FJ40S117816,https://ik.imagekit.io/toolbx/i_joist.jpg,
Lumber,"2x6x116-5/8"" Premium SPF",S2611658,14.99,/each,https://shop.newcanadianslumber.com/p/2x6x116-58-premium-spf/S2611658,https://ik.imagekit.io/toolbx/p_1606680310872_885c45c4-8feb-4317-949b-36c501e07cc1.jpg,
Lumber,1x6x10' Clear Pine,CP1610,28.9,/each,https://shop.newcanadianslumber.com/p/1x6x10-clear-pine/CP1610,https://ik.imagekit.io/toolbx/p_1606680355151_e3fdd0db-d3ae-455a-b3fe-b63e4b34cdeb.jpg,
Lumber,Pine 3/4 Cove Moulding,COV-003,1.25,/each,https://shop.newcanadianslumber.com/p/pine-34-cove-moulding/COV-003,https://ik.imagekit.io/toolbx/1749671512680,
Lumber,"1x8x3/4"" PT Square Lattice - Custom Order",PL1834S,45,/each,https://shop.newcanadianslumber.com/p/1x8x34-pt-square-lattice-custom-order/PL1834S,https://ik.imagekit.io/toolbx/ecommerce/NCL/PL1834S.jpg,
Lumber,2-Step Sienna PT Stair Stringer,PT2,19.99,/each,https://shop.newcanadianslumber.com/p/2-step-sienna-pt-stair-stringer/PT2,https://ik.imagekit.io/toolbx/1747765619178,
Lumber,"6x6"" Cedar Post Caps",C66CAP,5.99,/each,https://shop.newcanadianslumber.com/p/6x6-cedar-post-caps/C66CAP,https://ik.imagekit.io/toolbx/ecommerce/NCL/C66CAP.jpg,
Lumber,2x4x10' PT,PT2410,10.59,/each,https://shop.newcanadianslumber.com/p/2x4x10-pt/PT2410,https://ik.imagekit.io/toolbx/src-img/183591665951,
Lumber,2x6x10' Construction Cedar,C2610,42.99,/each,https://shop.newcanadianslumber.com/p/2x6x10-construction-cedar/C2610,https://ik.imagekit.io/toolbx/1742386673499,
Lumber,1x6x16' Pine #1,P1616,31.96,/each,https://shop.newcanadianslumber.com/p/1x6x16-pine-1/P1616,https://ik.imagekit.io/toolbx/p_1606680385915_2b3210bd-6c83-4b0d-9388-90f19ae02f69.jpg,
Lumber,1x6x8' Kiln Dried SPF Strapping,S168,6.15,/each,https://shop.newcanadianslumber.com/p/1x6x8-kiln-dried-spf-strapping/S168,https://ik.imagekit.io/toolbx/p_1606679950415_1ca37fd3-c45a-4593-9416-5b703d11666f.jpg,
Lumber,"8' x 3/4"" Pressure Treated Diagonal Lattice - Custom Order",PL1834D,45,/each,https://shop.newcanadianslumber.com/p/8-x-34-pressure-treated-diagonal-lattice-custom-order/PL1834D,https://ik.imagekit.io/toolbx/p_1666902651894_3d872f9b-8a6a-4453-965d-935460edff6d_PL1834D.jpg,
Lumber,"2x8x3/4"" PT Privacy Diagonal Lattice - Custom Order",PL2834PP,77,/each,https://shop.newcanadianslumber.com/p/2x8x34-pt-privacy-diagonal-lattice-custom-order/PL2834PP,https://ik.imagekit.io/toolbx/ecommerce/NCL/PL2834PP.jpg,
Lumber,Rimboard 1-1/8x9-1/2x12',TS912,34.95,/each,https://shop.newcanadianslumber.com/p/rimboard-1-18x9-12x12/TS912,https://ik.imagekit.io/toolbx/p_1606681462485_1c1d5141-ac4e-43bc-95f1-829d6432fa95.jpg,
Lumber,2x4x12' PT,PT2412,11.99,/each,https://shop.newcanadianslumber.com/p/2x4x12-pt/PT2412,https://ik.imagekit.io/toolbx/src-img/183591665951,
Lumber,4x4x8' Premium Cedar Post,C448,53.95,/each,https://shop.newcanadianslumber.com/p/4x4x8-premium-cedar-post/C448,https://ik.imagekit.io/toolbx/ecommerce/NCL/4X4CEDAR.png,
Lumber,1x6x10' Premium Cedar,C1610,17.07,/each,https://shop.newcanadianslumber.com/p/1x6x10-premium-cedar/C1610,https://ik.imagekit.io/toolbx/p_1606679998349_cda51672-0b50-4359-94c7-3b1b679c8154.jpg,
Lumber,"1x4"" T&G Pine ""Flooring"" (price per Linear Foot)",P14TGF,0.99,/foot,https://shop.newcanadianslumber.com/p/1x4-tg-pine-flooring-price-per-linear-foot/P14TGF,https://ik.imagekit.io/toolbx/ecommerce/NCL/P14TGF.jpeg,
Lumber,1x4x8' Clear Pine,CP148,16.18,/each,https://shop.newcanadianslumber.com/p/1x4x8-clear-pine/CP148,https://ik.imagekit.io/toolbx/p_1606680317449_a87a5322-a171-4f63-bfc5-c356a22a38a2.jpg,
Lumber,Pine 2-1/2 Colonial Casing,CAS-206,3.32,/each,https://shop.newcanadianslumber.com/p/pine-2-12-colonial-casing/CAS-206,https://ik.imagekit.io/toolbx/1749667662938,
Lumber,1x2x10' SPF,S1210,2.59,/each,https://shop.newcanadianslumber.com/p/1x2x10-spf/S1210,https://ik.imagekit.io/toolbx/p_1748048468279_104fd222-6e09-435e-86a7-36b6b9d41e97.jpg,
Lumber,1x10x12' Pine#1,P11012,35.7,/each,https://shop.newcanadianslumber.com/p/1x10x12-pine1/P11012,https://ik.imagekit.io/toolbx/p_1657819523417_8d9cccae-fc44-401b-9fb6-d94503c6a73a.jpg,
Lumber,2x6x16' PT,PT2616,27.79,/each,https://shop.newcanadianslumber.com/p/2x6x16-pt/PT2616,https://ik.imagekit.io/toolbx/src-img/185514282908,
Lumber,2x10x24' Select Fir,S21024,99.89,/each,https://shop.newcanadianslumber.com/p/2x10x24-select-fir/S21024,https://ik.imagekit.io/toolbx/ecommerce/NCL/S21024.jpeg,
Lumber,"2x8x1"" PT Square Privacy Lattice - Custom Order",PL281SQ,77,/each,https://shop.newcanadianslumber.com/p/2x8x1-pt-square-privacy-lattice-custom-order/PL281SQ,https://ik.imagekit.io/toolbx/ecommerce/NCL/PL281SQ.jpg,
Lumber,6x6x10' Cedar Post,C6610,250.88,/each,https://shop.newcanadianslumber.com/p/6x6x10-cedar-post/C6610,https://ik.imagekit.io/toolbx/ecommerce/NCL/6X6CEDAR.png,
Lumber,1x4x16' Finger-Joint Pine,FJ1416,21.29,/each,https://shop.newcanadianslumber.com/p/1x4x16-finger-joint-pine/FJ1416,https://ik.imagekit.io/toolbx/ecommerce/NCL/FJ1416.jpeg,
Lumber,2x12x12' Pine #1,P21212,101.2,/each,https://shop.newcanadianslumber.com/p/2x12x12-pine-1/P21212,https://ik.imagekit.io/toolbx/p_1657814313433_7aba07f7-9a71-4b94-bcc6-ed910d940b0e.jpg,
Lumber,"2x8x3/4"" Square Cedar Lattice - Custom Order",CL2834S,78,/each,https://shop.newcanadianslumber.com/p/2x8x34-square-cedar-lattice-custom-order/CL2834S,https://ik.imagekit.io/toolbx/ecommerce/NCL/CL2834S.jpg,
Lumber,1x4x8' Oak Lumber,O148,31.5,/each,https://shop.newcanadianslumber.com/p/1x4x8-oak-lumber/O148,https://ik.imagekit.io/toolbx/ecommerce/NCL/O148.jpeg,
Lumber,"4x8x7/16"" Brown Privacy Plus Pressure Treated Lattice - Custom Order",PL48716PP,46.99,/each,https://shop.newcanadianslumber.com/p/4x8x716-brown-privacy-plus-pressure-treated-lattice-custom-order/PL48716PP,https://ik.imagekit.io/toolbx/p_1606681054684_655bee97-4d41-4f5e-a89f-4fe029e7d972.jpg,
Lumber,1x10x8' Pine #1,P1108,23.8,/each,https://shop.newcanadianslumber.com/p/1x10x8-pine-1/P1108,https://ik.imagekit.io/toolbx/p_1657819528232_131c9bba-bf44-40db-8972-b09a60f55882.jpg,
Lumber,4x4x12' Premium Cedar Post,C4412,98.76,/each,https://shop.newcanadianslumber.com/p/4x4x12-premium-cedar-post/C4412,https://ik.imagekit.io/toolbx/ecommerce/NCL/4X4CEDAR.png,
Lumber,2x12x12' Pine #1,P21214,118.07,/each,https://shop.newcanadianslumber.com/p/2x12x12-pine-1/P21214,https://ik.imagekit.io/toolbx/p_1657814314227_be6dad64-0b7c-4f35-843a-25dfa25465d9.jpg,
Lumber,LVL Beam 7-1/4x20',LVL71420,111.95,/each,https://shop.newcanadianslumber.com/p/lvl-beam-7-14x20/LVL71420,https://ik.imagekit.io/toolbx/demo/catalog-images/toolbxLVL_2-198d84580f2.png,
Lumber,5/4x6x12' Cedar Deck Boards,C1612DB,35.99,/each,https://shop.newcanadianslumber.com/p/54x6x12-cedar-deck-boards/C1612DB,https://toolbx-product-catalog.s3.us-east-1.amazonaws.com/ecommerce/CatalogOPSProject/TLBX/TLBX-01-103-5406.png,
Lumber,1x6x16' Clear Pine,CP1616,46.24,/each,https://shop.newcanadianslumber.com/p/1x6x16-clear-pine/CP1616,https://ik.imagekit.io/toolbx/p_1657819516575_4c6a3c94-b5a3-4be1-a99b-d50f729b242e.jpg,
Lumber,Roseburg Floor Joist 40S 11-7/8x14',FJ40S117814,53.95,/each,https://shop.newcanadianslumber.com/p/roseburg-floor-joist-40s-11-78x14/FJ40S117814,https://ik.imagekit.io/toolbx/i_joist.jpg,
Lumber,LVL Beam 11-7/8x20',LVL117820,183.95,/each,https://shop.newcanadianslumber.com/p/lvl-beam-11-78x20/LVL117820,https://ik.imagekit.io/toolbx/demo/catalog-images/toolbxLVL_2-198d84580f2.png,
Lumber,2x8x8' Pine #1,P288,36.61,/each,https://shop.newcanadianslumber.com/p/2x8x8-pine-1/P288,https://ik.imagekit.io/toolbx/p_1657819546041_5f110c7e-ca57-4614-b77f-70a4a90f1e8f.jpg,
Lumber,2x8x8' Premium Cedar,C288,57.25,/each,https://shop.newcanadianslumber.com/p/2x8x8-premium-cedar/C288,https://ik.imagekit.io/toolbx/ecommerce/NCL/2X8CEDAR.png,
Lumber,2x12x14' Premium SPF,S21214,49.39,/each,https://shop.newcanadianslumber.com/p/2x12x14-premium-spf/S21214,https://ik.imagekit.io/toolbx/src-img/106968349651,
Lumber,1x10x8' Oak Lumber,O1108,86.1,/each,https://shop.newcanadianslumber.com/p/1x10x8-oak-lumber/O1108,https://ik.imagekit.io/toolbx/ecommerce/NCL/O1108.jpeg,
Lumber,2x3x10' Premium SPF,S2310,4.99,/each,https://shop.newcanadianslumber.com/p/2x3x10-premium-spf/S2310,https://ik.imagekit.io/toolbx/p_1748048472947_8770e1fc-573e-4411-aa80-5cd9ad69a4c5.jpg,
Lumber,2x12x18' Premium SPF,S21218,76.89,/each,https://shop.newcanadianslumber.com/p/2x12x18-premium-spf/S21218,https://ik.imagekit.io/toolbx/src-img/106968349651,
Lumber,2x10x16' Premium SPF,S21016,37.39,/each,https://shop.newcanadianslumber.com/p/2x10x16-premium-spf/S21016,https://toolbx-product-catalog.s3.us-east-1.amazonaws.com/ecommerce/CatalogOPSProject/TLBX/TLBX-01-109-0210.png,
Lumber,2x12x10' Pine #1,P21210,84.34,/each,https://shop.newcanadianslumber.com/p/2x12x10-pine-1/P21210,https://ik.imagekit.io/toolbx/p_1657814312927_75ae8e42-84a6-4fe4-8b7b-fce1cf2f44d2.jpg,
Lumber,2x6x12' Pine #1,P2612,41.28,/each,https://shop.newcanadianslumber.com/p/2x6x12-pine-1/P2612,https://ik.imagekit.io/toolbx/p_1657814304445_42bc4b1a-e19f-4236-84e4-eed82e1610b0.jpg,
Lumber,6x6x8' PT,PT668,45.49,/each,https://shop.newcanadianslumber.com/p/6x6x8-pt/PT668,https://ik.imagekit.io/toolbx/src-img/199514432099,
Lumber,1x8x10' SPF,S1810,11.29,/each,https://shop.newcanadianslumber.com/p/1x8x10-spf/S1810,https://ik.imagekit.io/toolbx/p_1606680334623_025638ba-690f-4110-b5f9-2b12cfc05e5e.jpg,
Lumber,"8' 1/4"" Pine Quarter Round",00099-21096C,6.89,/each,https://shop.newcanadianslumber.com/p/8-14-pine-quarter-round/00099-21096C,https://ik.imagekit.io/toolbx/1749742231216,
Lumber,2x12x16' Premium SPF,S21216,65.49,/each,https://shop.newcanadianslumber.com/p/2x12x16-premium-spf/S21216,https://toolbx-product-catalog.s3.us-east-1.amazonaws.com/ecommerce/CatalogOPSProject/TLBX/TLBX-01-109-0210.png,
Lumber,Roseburg Floor Joist 80S 9-1/2x16',FJ80S91216,74.95,/each,https://shop.newcanadianslumber.com/p/roseburg-floor-joist-80s-9-12x16/FJ80S91216,https://ik.imagekit.io/toolbx/i_joist.jpg,
Lumber,"2x8x3/4"" Diagonal Cedar Lattice - Custom Order",CL2834D,74,/each,https://shop.newcanadianslumber.com/p/2x8x34-diagonal-cedar-lattice-custom-order/CL2834D,https://ik.imagekit.io/toolbx/ecommerce/NCL/CL2834D.jpg,
Lumber,2x4x8' Premium Cedar,C248,17.59,/each,https://shop.newcanadianslumber.com/p/2x4x8-premium-cedar/C248,https://ik.imagekit.io/toolbx/ecommerce/NCL/9.26.22/C248.png,
Lumber,1x2x8' Oak Lumber,O128,17.5,/each,https://shop.newcanadianslumber.com/p/1x2x8-oak-lumber/O128,https://ik.imagekit.io/toolbx/ecommerce/NCL/O128.jpeg,
Lumber,Roseburg Floor Joist 40S 11 7/8” X 22’,FJ40S117822,84.95,/each,https://shop.newcanadianslumber.com/p/roseburg-floor-joist-40s-11-78-x-22/FJ40S117822,https://ik.imagekit.io/toolbx/p_1694836803623_f9aa1c34-6f38-43a5-9fc4-a7c82c98e295_FJ40S117822.jpg,
Lumber,1x6x10' Poplar Lumber,POP1610,44.26,/each,https://shop.newcanadianslumber.com/p/1x6x10-poplar-lumber/POP1610,https://ik.imagekit.io/toolbx/p_1657819551631_332fe32e-a174-4204-84a8-ce98d5bb26ab.jpg,
Lumber,1x10x14' Pine #1,P11014,41.65,/each,https://shop.newcanadianslumber.com/p/1x10x14-pine-1/P11014,https://ik.imagekit.io/toolbx/p_1657819523908_6709c8e5-9e57-4427-9ade-594429ccab07.jpg,
Lumber,"8'x1"" Privacy Square Cedar Lattice - Custom Order",CL181PSQ,71,/each,https://shop.newcanadianslumber.com/p/8x1-privacy-square-cedar-lattice-custom-order/CL181PSQ,https://ik.imagekit.io/toolbx/p_1666903040995_3d19e3a0-f682-47f1-b546-e8ca6b02bf9b_CL181PSQ.jpg,
Lumber,Roseburg Floor Joist 40S 11-7/8x18',FJ40S117818,68.95,/each,https://shop.newcanadianslumber.com/p/roseburg-floor-joist-40s-11-78x18/FJ40S117818,https://ik.imagekit.io/toolbx/i_joist.jpg,
Lumber,2x10x12' PT,PT21012,37.49,/each,https://shop.newcanadianslumber.com/p/2x10x12-pt/PT21012,https://ik.imagekit.io/toolbx/src-img/160149351088,
Lumber,2x12x12' PT,PT21212,51.99,/each,https://shop.newcanadianslumber.com/p/2x12x12-pt/PT21212,https://ik.imagekit.io/toolbx/src-img/160149351088,
Lumber,1x5x12' Clear Pine,CP1512,22.46,/each,https://shop.newcanadianslumber.com/p/1x5x12-clear-pine/CP1512,https://ik.imagekit.io/toolbx/p_1657819512264_a94e0c82-f22c-4d02-8647-ef11c81d0893.jpg,
Lumber,Roseburg Floor Joist 80S 9-1/2x24',FJ80S91224,115.95,/each,https://shop.newcanadianslumber.com/p/roseburg-floor-joist-80s-9-12x24/FJ80S91224%20,https://ik.imagekit.io/toolbx/p_1736331716529_b740869f-418b-46a7-9a64-0a18769c1374_FJ80S91224%20.jpg,
Lumber,1x12x10' Pine #1,P11210,37.4,/each,https://shop.newcanadianslumber.com/p/1x12x10-pine-1/P11210,https://ik.imagekit.io/toolbx/p_1606680372996_c7ae6e6f-82ef-491f-a083-4df21ccf924b.jpg,
Lumber,"4x8x1"" PT Square Lattice - Custom Order",PL481S,111,/each,https://shop.newcanadianslumber.com/p/4x8x1-pt-square-lattice-custom-order/PL481S,https://ik.imagekit.io/toolbx/ecommerce/NCL/PL481S.jpg,
Lumber,2x10x14' Pine #1,P21014,82.77,/each,https://shop.newcanadianslumber.com/p/2x10x14-pine-1/P21014,https://ik.imagekit.io/toolbx/p_1657814310025_192580f7-5637-4bde-8c41-c8aeb62d316c.jpg,
Lumber,"2"" X 4"" X 8' TIMBERSTRAND LSL 1.35",TS248,24.95,/each,https://shop.newcanadianslumber.com/p/2-x-4-x-8-timberstrand-lsl-135/TS248,https://ik.imagekit.io/toolbx/demo/catalog-images/toolbxLVL_2-198d84580f2.png,
Lumber,2x8x8' Premium SPF,S288,15.19,/each,https://shop.newcanadianslumber.com/p/2x8x8-premium-spf/S288,https://ik.imagekit.io/toolbx/1574103561860,
Lumber,"1x4"" T&G Clear Cedar (Sold By Linear Foot)",C14TG,4.99,/each,https://shop.newcanadianslumber.com/p/1x4-tg-clear-cedar-sold-by-linear-foot/C14TG,https://toolbx-product-catalog.s3.us-east-1.amazonaws.com/ecommerce/CatalogOPSProject/GenerativeAIProject/Cedar/T%26GCedar.png,
Lumber,4x4x10' Premium Cedar Post,C4410,69.18,/each,https://shop.newcanadianslumber.com/p/4x4x10-premium-cedar-post/C4410,https://ik.imagekit.io/toolbx/ecommerce/NCL/4X4CEDAR.png,
Lumber,"4'x8'x1"" Privacy Square Cedar Lattice - Custom Order",CL481PSQ,194,/each,https://shop.newcanadianslumber.com/p/4x8x1-privacy-square-cedar-lattice-custom-order/CL481PSQ,https://ik.imagekit.io/toolbx/p_1666903069222_71b56d29-df04-4722-890c-ebffd31b89c2_CL481PSQ.jpg,
Lumber,1x5x14' Clear Pine,CP1514,26.21,/each,https://shop.newcanadianslumber.com/p/1x5x14-clear-pine/CP1514,https://ik.imagekit.io/toolbx/p_1657819512891_649b7612-ef96-4773-b7b7-0268cdd34935.jpg,
Lumber,"2x8x1"" Diagonal Cedar Lattice - Custom Order",CL281D,83,/each,https://shop.newcanadianslumber.com/p/2x8x1-diagonal-cedar-lattice-custom-order/CL281D,https://ik.imagekit.io/toolbx/ecommerce/NCL/CL281D.jpg,
Lumber,Rimboard 1-1/8x11-7/8x12',TS1178,41.95,/each,https://shop.newcanadianslumber.com/p/rimboard-1-18x11-78x12/TS1178,https://ik.imagekit.io/toolbx/p_1606681338434_826e63b1-a53a-4732-9e15-452a8f31cda5.jpg,
Lumber,2x10x20' Premium SPF,S21020,54.89,/each,https://shop.newcanadianslumber.com/p/2x10x20-premium-spf/S21020,https://ik.imagekit.io/toolbx/p_1606680603034_b57ca802-fe9c-40b7-8656-cef881559066.jpg,
Lumber,4-Step Sienna PT Stair Stringer,PT4,34.99,/each,https://shop.newcanadianslumber.com/p/4-step-sienna-pt-stair-stringer/PT4,https://ik.imagekit.io/toolbx/p_1679631502333_ec9078e9-f06d-492d-b627-3e55b2a6da4b_PT4.jpg,
Lumber,1x12x8' Poplar Lumber,POP1128,92.85,/each,https://shop.newcanadianslumber.com/p/1x12x8-poplar-lumber/POP1128,https://ik.imagekit.io/toolbx/p_1657819586814_8b056b09-2107-45b2-804d-b22663a7a76d.jpg,
Lumber,2x8x12' PT,PT2812,28.29,/each,https://shop.newcanadianslumber.com/p/2x8x12-pt/PT2812,https://ik.imagekit.io/toolbx/p_1657836792328_c360ab6d-0149-4726-b8d5-3c22d895a170.jpg,
Lumber,"8' x 3/4"" Pressure Treated Diagonal Lattice - Custom Order",PL4834D,104,/each,https://shop.newcanadianslumber.com/p/8-x-34-pressure-treated-diagonal-lattice-custom-order/PL4834D,https://ik.imagekit.io/toolbx/p_1666902651367_a294335d-43fa-44e6-96a7-5a9393323334_PL4834D.jpg,
Lumber,LVL Beam 9-1/2x18',LVL91218,131.95,/each,https://shop.newcanadianslumber.com/p/lvl-beam-9-12x18/LVL91218,https://ik.imagekit.io/toolbx/demo/catalog-images/toolbxLVL_2-198d84580f2.png,
Lumber,Roseburg Floor Joist 80S 11-7/8x20',FJ80S117820,100.95,/each,https://shop.newcanadianslumber.com/p/roseburg-floor-joist-80s-11-78x20/FJ80S117820,https://ik.imagekit.io/toolbx/i_joist.jpg,
Lumber,"1x8x1"" PT Square Privacy Lattice - Custom Order",PL181SQ,54,/each,https://shop.newcanadianslumber.com/p/1x8x1-pt-square-privacy-lattice-custom-order/PL181SQ,https://ik.imagekit.io/toolbx/ecommerce/NCL/PL181SQ.jpg,
Lumber,Roseburg Floor Joist 80S 11-7/8x18',FJ80S117818,90.95,/each,https://shop.newcanadianslumber.com/p/roseburg-floor-joist-80s-11-78x18/FJ80S117818,https://ik.imagekit.io/toolbx/i_joist.jpg,
Lumber,Pine 1-1/4 Poplar Door Stop,STO-111,1.08,/each,https://shop.newcanadianslumber.com/p/pine-1-14-poplar-door-stop/STO-111,https://ik.imagekit.io/toolbx/1749741259372,
Lumber,"2"" X 4"" X 10' TIMBERSTRAND LSL 1.35",TS2410,30.95,/each,https://shop.newcanadianslumber.com/p/2-x-4-x-10-timberstrand-lsl-135/TS2410,https://ik.imagekit.io/toolbx/demo/catalog-images/toolbxLVL_2-198d84580f2.png,
Lumber,6x6x8' Premium Cedar Lumber,C668,207.99,/each,https://shop.newcanadianslumber.com/p/6x6x8-premium-cedar-lumber/C668,https://ik.imagekit.io/toolbx/ecommerce/NCL/6X6CEDAR.png,
Lumber,Pine 1-5/8 Shingle Moulding,SHI-101,2.38,/each,https://shop.newcanadianslumber.com/p/pine-1-58-shingle-moulding/SHI-101,https://ik.imagekit.io/toolbx/1749739469321,
Lumber,2x2x10' Select SPF,S2210,4.59,/each,https://shop.newcanadianslumber.com/p/2x2x10-select-spf/S2210,https://toolbx-product-catalog.s3.us-east-1.amazonaws.com/ecommerce/CatalogOPSProject/TLBX/TLBX-01-109-0202.png,
Lumber,3-Step Sienna PT Stair Stringer,PT3,25.99,/each,https://shop.newcanadianslumber.com/p/3-step-sienna-pt-stair-stringer/PT3,https://ik.imagekit.io/toolbx/p_1606680405183_8f89b577-6c5a-4dd5-b807-de8dfd6bbd07.jpg,
Lumber,1x10x6' Clear Pine,CP1106,24.23,/each,https://shop.newcanadianslumber.com/p/1x10x6-clear-pine/CP1106,https://ik.imagekit.io/toolbx/p_1657819507518_6542616b-f17c-45a7-ab48-604bd740f76e.jpg,
Lumber,"LVL Beam 9-1/2"" x 24'",LVL91224,175.95,/each,https://shop.newcanadianslumber.com/p/lvl-beam-9-12-x-24/LVL91224,https://ik.imagekit.io/toolbx/p_1686369675298_fca81f06-4d31-4297-95dc-75913d81d9fc_LVL91224.jpg,
Lumber,2x10x16' Pine #1,P21016,94.59,/each,https://shop.newcanadianslumber.com/p/2x10x16-pine-1/P21016,https://ik.imagekit.io/toolbx/p_1657814310529_ba612ee7-7869-4543-a593-d8c2ffb113a5.jpg,
Lumber,1x4x8' Poplar Lumber,POP148,24.72,/each,https://shop.newcanadianslumber.com/p/1x4x8-poplar-lumber/POP148,https://ik.imagekit.io/toolbx/p_1657819588164_25843d58-2d80-4bd3-95b6-1141cc6b47f2.jpg,
Lumber,1/2x1/2x8' Pine Quarter Round Moulding (sold by LF),QUA-006,0.81,/each,https://shop.newcanadianslumber.com/p/12x12x8-pine-quarter-round-moulding-sold-by-lf/QUA-006,https://ik.imagekit.io/toolbx/p_1606680609017_aa79da8e-7b1f-45a1-8dce-ce19ed8387e1.jpg,
Lumber,Roseburg Floor Joist 40S 11 7/8” X 24’,FJ40S117824,91.95,/each,https://shop.newcanadianslumber.com/p/roseburg-floor-joist-40s-11-78-x-24/FJ40S117824,https://ik.imagekit.io/toolbx/p_1694836805396_aebe89b5-5b14-41f6-bf41-25b235abc96e_FJ40S117824.jpg,
Lumber,2x8x16' PT,PT2816,37.69,/each,https://shop.newcanadianslumber.com/p/2x8x16-pt/PT2816,https://toolbx-product-catalog.s3.us-east-1.amazonaws.com/ecommerce/CatalogOPSProject/TLBX/TLBX-01-104-0208.png,
Lumber,Roseburg Floor Joist 80S 9-1/2x20',FJ80S91220,92.95,/each,https://shop.newcanadianslumber.com/p/roseburg-floor-joist-80s-9-12x20/FJ80S91220,https://ik.imagekit.io/toolbx/i_joist.jpg,
Lumber,"2x8x1"" Square Cedar Lattice - Custom Order",CL281S,83,/each,https://shop.newcanadianslumber.com/p/2x8x1-square-cedar-lattice-custom-order/CL281S,https://ik.imagekit.io/toolbx/ecommerce/NCL/CL281S.jpg,
Lumber,2x8x14' Pine #1,P2814,64.06,/each,https://shop.newcanadianslumber.com/p/2x8x14-pine-1/P2814,https://ik.imagekit.io/toolbx/p_1657814308691_263176e1-84b5-46bf-bb3b-5f9545c97618.jpg,
Lumber,"Pine 1"" Quarter Round Moulding",QUA-102,2.03,/each,https://shop.newcanadianslumber.com/p/pine-1-quarter-round-moulding/QUA-102,https://ik.imagekit.io/toolbx/1749738862073,
Lumber,1x12x8' Pine #1,P1128,29.92,/each,https://shop.newcanadianslumber.com/p/1x12x8-pine-1/P1128,https://ik.imagekit.io/toolbx/p_1657819530969_32b2c82d-d5a5-4ad6-bdbe-89b5f88b2e39.jpg,
Lumber,"1x8x3/4"" Diagonal Cedar Lattice - Custom Order",CL1834D,52,/each,https://shop.newcanadianslumber.com/p/1x8x34-diagonal-cedar-lattice-custom-order/CL1834D,https://ik.imagekit.io/toolbx/ecommerce/NCL/CL1834D.jpg,
Lumber,5-Step Sienna PT Stair Stringer,PT5,42.99,/each,https://shop.newcanadianslumber.com/p/5-step-sienna-pt-stair-stringer/PT5,https://ik.imagekit.io/toolbx/p_1679631507128_1fa01fd9-a69e-4d29-850f-ffbc13651f8a_PT5.jpg,
Lumber,LVL Beam 7-1/4x16',LVL71416,89.95,/each,https://shop.newcanadianslumber.com/p/lvl-beam-7-14x16/LVL71416,https://ik.imagekit.io/toolbx/demo/catalog-images/toolbxLVL_2-198d84580f2.png,
Lumber,LVL Beam 9-1/2x16',LVL91216,117.95,/each,https://shop.newcanadianslumber.com/p/lvl-beam-9-12x16/LVL91216,https://ik.imagekit.io/toolbx/demo/catalog-images/toolbxLVL_2-198d84580f2.png,
Lumber,"1x8x1"" Privacy Diagonal Cedar Lattice - Custom Order",CL181PP,77,/each,https://shop.newcanadianslumber.com/p/1x8x1-privacy-diagonal-cedar-lattice-custom-order/CL181PP,https://ik.imagekit.io/toolbx/ecommerce/NCL/CL181PP.jpg,
Lumber,1x8x14' Clear Pine,CP1814,47.6,/each,https://shop.newcanadianslumber.com/p/1x8x14-clear-pine/CP1814,https://ik.imagekit.io/toolbx/p_1657819517087_ec98a9d7-40fc-4768-b3ed-3c0b1799dbf6.jpg,
Lumber,Pine 5-1/4 Crown Moulding,CRO-500,6.18,/each,https://shop.newcanadianslumber.com/p/pine-5-14-crown-moulding/CRO-500,https://ik.imagekit.io/toolbx/1749732354030,
Lumber,1x12x6' Clear Pine,CP1126,31.06,/each,https://shop.newcanadianslumber.com/p/1x12x6-clear-pine/CP1126,https://ik.imagekit.io/toolbx/p_1657819510259_93775cba-9d7c-47e8-9f19-24550a1d74c9.jpg,
Lumber,1x8x16' SPF,S1816,13.99,/each,https://shop.newcanadianslumber.com/p/1x8x16-spf/S1816,https://ik.imagekit.io/toolbx/p_1685592021294_fbe36865-97c6-44e1-94c4-c7d917231657_S1816..jpg,
Lumber,1x12x8' Clear Pine,CP1128,41.41,/each,https://shop.newcanadianslumber.com/p/1x12x8-clear-pine/CP1128,https://ik.imagekit.io/toolbx/p_1657819510747_376c921a-f87a-4ea7-ad39-e51bd08b8a87.jpg,
Lumber,1x10x16' Pine #1,P11016,47.6,/each,https://shop.newcanadianslumber.com/p/1x10x16-pine-1/P11016,https://ik.imagekit.io/toolbx/p_1657819524429_88ae4dfa-8d16-45e9-a7c2-0912ffe96fc9.jpg,
Lumber,2x10x18' Premium SPF,S21018,47.89,/each,https://shop.newcanadianslumber.com/p/2x10x18-premium-spf/S21018,https://ik.imagekit.io/toolbx/src-img/106968349651,
Lumber,"1x8x1"" PT Square Lattice - Custom Order",PL181S,47,/each,https://shop.newcanadianslumber.com/p/1x8x1-pt-square-lattice-custom-order/PL181S,https://ik.imagekit.io/toolbx/ecommerce/NCL/PL181S.jpg,
Lumber,1x4x8' SPF,S148,3.85,/each,https://shop.newcanadianslumber.com/p/1x4x8-spf/S148,https://ik.imagekit.io/toolbx/src-img/133141037091,
Lumber,1x6x8' Premium Cedar,C168,14.95,/each,https://shop.newcanadianslumber.com/p/1x6x8-premium-cedar/C168,https://ik.imagekit.io/toolbx/p_1606679992058_acf51075-ea33-4b8f-a8f0-e06bf94b0b43.jpg,
Lumber,2x8x8' PT,PT288,18.99,/each,https://shop.newcanadianslumber.com/p/2x8x8-pt/PT288,https://ik.imagekit.io/toolbx/src-img/183919647052,
Lumber,2x12x8' Pine #1,P2128,67.47,/each,https://shop.newcanadianslumber.com/p/2x12x8-pine-1/P2128,https://ik.imagekit.io/toolbx/p_1657814311032_233a0895-f11d-4ffc-9710-29f3d7b38738.jpg,
Lumber,Roseburg Floor Joist 40S 9-1/2x16',FJ40S91216,56.95,/each,https://shop.newcanadianslumber.com/p/roseburg-floor-joist-40s-9-12x16/FJ40S91216,https://ik.imagekit.io/toolbx/i_joist.jpg,
Lumber,"2x6x104-5/8"" Premium SPF",S2610458,8.99,/each,https://shop.newcanadianslumber.com/p/2x6x104-58-premium-spf/S2610458,https://ik.imagekit.io/toolbx/src-img/131382506884,
Lumber,2x8x10' PT,PT2810,23.59,/each,https://shop.newcanadianslumber.com/p/2x8x10-pt/PT2810,https://toolbx-product-catalog.s3.us-east-1.amazonaws.com/ecommerce/CatalogOPSProject/TLBX/TLBX-01-104-0208.png,
Lumber,1x8x12' Clear Pine,CP1812,40.8,/each,https://shop.newcanadianslumber.com/p/1x8x12-clear-pine/CP1812,https://ik.imagekit.io/toolbx/ecommerce/NCL/CP1812.png,
Lumber,5/4x6x12' PT,PT1612DB,14.39,/each,https://shop.newcanadianslumber.com/p/54x6x12-pt/PT1612DB,https://ik.imagekit.io/toolbx/p_1679631404840_78b2c41c-8d6e-4a9f-9ca0-256210c3b6c6_PT1612DB.jpg,
Lumber,4x4x5' Special P.T.L Post,PT445,11.5,/each,https://shop.newcanadianslumber.com/p/4x4x5-special-ptl-post/PT445,https://ik.imagekit.io/toolbx/p_1606681187710_021e45db-7584-4d8d-bf83-6ed2dee9cf17.jpg,
Lumber,1x5x7' Finger Jointed Pine,FJ157,10.99,/each,https://shop.newcanadianslumber.com/p/1x5x7-finger-jointed-pine/FJ157,https://ik.imagekit.io/toolbx/ecommerce/NCL/FJ157.jpg,
Lumber,2x8x16' Pine #1,P2816,73.21,/each,https://shop.newcanadianslumber.com/p/2x8x16-pine-1/P2816,https://ik.imagekit.io/toolbx/p_1657819543390_0fe9be6c-e68c-4c8e-bf9f-162dd64a7ac8.jpg,
Lumber,"2x2x42"" PT",PT42,3.59,/each,https://shop.newcanadianslumber.com/p/2x2x42-pt/PT42,https://ik.imagekit.io/toolbx/ecommerce/NCL/PT42.jpeg,
Lumber,6x6x12' Premium Cedar Post,C6612,311.9,/each,https://shop.newcanadianslumber.com/p/6x6x12-premium-cedar-post/C6612,https://ik.imagekit.io/toolbx/ecommerce/NCL/6X6CEDAR.png,
Lumber,LVL Beam 9-1/2x8',LVL9128,58.95,/each,https://shop.newcanadianslumber.com/p/lvl-beam-9-12x8/LVL9128,https://ik.imagekit.io/toolbx/demo/catalog-images/toolbxLVL_2-198d84580f2.png,
Lumber,1x6x6' Poplar Lumber,POP166,26.55,/each,https://shop.newcanadianslumber.com/p/1x6x6-poplar-lumber/POP166,https://ik.imagekit.io/toolbx/p_1657819556549_ddc59e09-577a-4763-ac7b-ed3440ceffa7.jpg,
Lumber,1x8x10' Clear Pine,CP1810,34,/each,https://shop.newcanadianslumber.com/p/1x8x10-clear-pine/CP1810,https://ik.imagekit.io/toolbx/ecommerce/NCL/CP1810.png,
Lumber,2x4x10' Premium Cedar,C2410,21.35,/each,https://shop.newcanadianslumber.com/p/2x4x10-premium-cedar/C2410,https://ik.imagekit.io/toolbx/ecommerce/NCL/9.26.22/C2410.png,
Lumber,Pine 3/4 Quarter Round,QUA-009,1.21,/each,https://shop.newcanadianslumber.com/p/pine-34-quarter-round/QUA-009,https://ik.imagekit.io/toolbx/1749735196897,
Lumber,1x8x6' Pine #1,P186,12.95,/each,https://shop.newcanadianslumber.com/p/1x8x6-pine-1/P186,https://ik.imagekit.io/toolbx/p_1657819534519_91032371-319b-4af4-b792-b2794adbced1.jpg,
Lumber,2x4x8' PT,PT248,7.99,/each,https://shop.newcanadianslumber.com/p/2x4x8-pt/PT248,https://ik.imagekit.io/toolbx/src-img/183591665951,
Lumber,1x2x8' PT,PT128,3.59,/each,https://shop.newcanadianslumber.com/p/1x2x8-pt/PT128,https://ik.imagekit.io/toolbx/p_1606679973356_86c94da2-167c-4cbc-aa5d-66ede719f6aa.jpg,
Lumber,2x6x12' Premium SPF,S2612,13.39,/each,https://shop.newcanadianslumber.com/p/2x6x12-premium-spf/S2612,https://ik.imagekit.io/toolbx/src-img/131382506884,
Lumber,1x3x10' SPF,S1310,3.99,/each,https://shop.newcanadianslumber.com/p/1x3x10-spf/S1310,https://ik.imagekit.io/toolbx/1571160280941,
Lumber,1x8x12' Pine #1,P1812,29.93,/each,https://shop.newcanadianslumber.com/p/1x8x12-pine-1/P1812,https://ik.imagekit.io/toolbx/p_1657819541406_4264f28d-539b-47aa-b21f-0bc7fa6d8e5d.jpg,
Lumber,1x2x8' SPF,S128,1.97,/each,https://shop.newcanadianslumber.com/p/1x2x8-spf/S128,https://toolbx-product-catalog.s3.us-east-1.amazonaws.com/ecommerce/CatalogOPSProject/TLBX/TLBX-01-109-0102.png,
Lumber,"4x8x3/4"" Privacy Diagonal Cedar Lattice - Custom Order",CL4834PP,174,/each,https://shop.newcanadianslumber.com/p/4x8x34-privacy-diagonal-cedar-lattice-custom-order/CL4834PP,https://ik.imagekit.io/toolbx/ecommerce/NCL/CL4834PP.jpg,
Lumber,1x8x8' Oak Lumber,O188,61.6,/each,https://shop.newcanadianslumber.com/p/1x8x8-oak-lumber/O188,https://ik.imagekit.io/toolbx/ecommerce/NCL/O188.jpeg,
Lumber,2x6x24' Premium SPF,S2624,64.89,/each,https://shop.newcanadianslumber.com/p/2x6x24-premium-spf/S2624,https://ik.imagekit.io/toolbx/ecommerce/NCL/S2624.jpeg,
Lumber,1x8x8' PT,PT188,14.04,/each,https://shop.newcanadianslumber.com/p/1x8x8-pt/PT188,https://ik.imagekit.io/toolbx/p_1606681187994_7d6c398a-ed30-43c7-a354-0f9659615643.jpg,
Lumber,2x12x8' Premium SPF,S2128,30.99,/each,https://shop.newcanadianslumber.com/p/2x12x8-premium-spf/S2128,https://ik.imagekit.io/toolbx/src-img/106968349651,
Lumber,"4x8x3/4"" Square Cedar Lattice - Custom Order",CL4834S,136,/each,https://shop.newcanadianslumber.com/p/4x8x34-square-cedar-lattice-custom-order/CL4834S,https://ik.imagekit.io/toolbx/ecommerce/NCL/CL4834S.jpg,
Lumber,2x8x18' Premium SPF,S2818,34.99,/each,https://shop.newcanadianslumber.com/p/2x8x18-premium-spf/S2818,https://ik.imagekit.io/toolbx/1574103561860,
Lumber,5/4x6x8' PT,PT168DB,9.59,/each,https://shop.newcanadianslumber.com/p/54x6x8-pt/PT168DB,https://ik.imagekit.io/toolbx/src-img/196482350772,
Lumber,"4x8x1"" PT Square Privacy Lattice - Custom Order",PL481SQ,155,/each,https://shop.newcanadianslumber.com/p/4x8x1-pt-square-privacy-lattice-custom-order/PL481SQ,https://ik.imagekit.io/toolbx/ecommerce/NCL/PL481SQ.jpg,
Lumber,"1x8x1"" Square Cedar Lattice - Custom Order",CL181S,58,/each,https://shop.newcanadianslumber.com/p/1x8x1-square-cedar-lattice-custom-order/CL181S,https://ik.imagekit.io/toolbx/ecommerce/NCL/CL181S.jpg,
Lumber,LVL Beam 11-7/8x16',LVL117816,146.95,/each,https://shop.newcanadianslumber.com/p/lvl-beam-11-78x16/LVL117816,https://ik.imagekit.io/toolbx/demo/catalog-images/toolbxLVL_2-198d84580f2.png,
Lumber,4x4x6' Special P.T.L Post,PT446,13.8,/each,https://shop.newcanadianslumber.com/p/4x4x6-special-ptl-post/PT446,https://ik.imagekit.io/toolbx/p_1606681187710_021e45db-7584-4d8d-bf83-6ed2dee9cf17.jpg,
Lumber,LVL Beam 11-7/8x14',LVL117814,128.95,/each,https://shop.newcanadianslumber.com/p/lvl-beam-11-78x14/LVL117814,https://ik.imagekit.io/toolbx/demo/catalog-images/toolbxLVL_2-198d84580f2.png,
Lumber,"2"" X 6"" X 10' TIMBERSTRAND LSL 1.55",TS2610,48.95,/each,https://shop.newcanadianslumber.com/p/2-x-6-x-10-timberstrand-lsl-155/TS2610,https://ik.imagekit.io/toolbx/demo/catalog-images/toolbxLVL_2-198d84580f2.png,
Lumber,2x4x16' PT,PT2416,15.99,/each,https://shop.newcanadianslumber.com/p/2x4x16-pt/PT2416,https://ik.imagekit.io/toolbx/p_1679631395621_516b17bb-4078-4703-a04b-e6d5dec3e0fe_PT2416.jpg,
Lumber,LVL Beam 9-1/2x10',LVL91210,73.95,/each,https://shop.newcanadianslumber.com/p/lvl-beam-9-12x10/LVL91210,https://ik.imagekit.io/toolbx/demo/catalog-images/toolbxLVL_2-198d84580f2.png,
Lumber,2x8x12' Premium SPF,S2812,22.79,/each,https://shop.newcanadianslumber.com/p/2x8x12-premium-spf/S2812,https://ik.imagekit.io/toolbx/ecommerce/NCL/S2812.jpeg,
Lumber,4x4x12' PT,PT4412,26.99,/each,https://shop.newcanadianslumber.com/p/4x4x12-pt/PT4412,https://ik.imagekit.io/toolbx/src-img/167954922890,
Lumber,1x6x12' Pine #1,P1612,23.97,/each,https://shop.newcanadianslumber.com/p/1x6x12-pine-1/P1612,https://ik.imagekit.io/toolbx/p_1657819532001_717289ab-4562-4518-a161-6a9ef365e040.jpg,
Lumber,"1x8x1"" PT Diagonal Lattice - Custom Order",PL181D,47,/each,https://shop.newcanadianslumber.com/p/1x8x1-pt-diagonal-lattice-custom-order/PL181D,https://ik.imagekit.io/toolbx/ecommerce/NCL/PL181D.jpg,
Lumber,1x8x16' Clear Pine,CP1816,54.4,/each,https://shop.newcanadianslumber.com/p/1x8x16-clear-pine/CP1816,https://ik.imagekit.io/toolbx/ecommerce/NCL/CP1816.png,
Lumber,"4x8x3/4"" Diagonal Cedar Lattice - Custom Order",CL4834D,127,/each,https://shop.newcanadianslumber.com/p/4x8x34-diagonal-cedar-lattice-custom-order/CL4834D,https://ik.imagekit.io/toolbx/ecommerce/NCL/CL4834D.jpg,
Lumber,2x6x8' Grade #1 & 2 Dressed Four Sides Kiln Dried Pine,P268,27.52,/each,https://shop.newcanadianslumber.com/p/2x6x8-grade-1-2-dressed-four-sides-kiln-dried-pine/P268,https://ik.imagekit.io/toolbx/p_1606680422497_86288333-6093-4f53-a05e-e9a2f84dc829.jpg,
Lumber,Roseburg Floor Joist 80S 11-7/8x16',FJ80S117816,80.95,/each,https://shop.newcanadianslumber.com/p/roseburg-floor-joist-80s-11-78x16/FJ80S117816,https://ik.imagekit.io/toolbx/i_joist.jpg,
Lumber,1x10x8' Poplar Lumber,POP1108,71.48,/each,https://shop.newcanadianslumber.com/p/1x10x8-poplar-lumber/POP1108,https://ik.imagekit.io/toolbx/p_1657819575329_984b7722-8bd8-4654-8e18-cc1d322764bf.jpg,
Lumber,6x6x10' PT,PT6610,56.99,/each,https://shop.newcanadianslumber.com/p/6x6x10-pt/PT6610,https://ik.imagekit.io/toolbx/p_1606681187650_9775198b-5f49-4aff-a4cf-0701a5dcb073.jpg,
Lumber,1x6x8' Pine #1,P168,15.98,/each,https://shop.newcanadianslumber.com/p/1x6x8-pine-1/P168,https://ik.imagekit.io/toolbx/p_1657819532970_ed1b6425-64d2-40da-b9ed-faf31a7096bb.jpg,
Lumber,LVL Beam 9-1/2x14',LVL91214,102.95,/each,https://shop.newcanadianslumber.com/p/lvl-beam-9-12x14/LVL91214,https://ik.imagekit.io/toolbx/demo/catalog-images/toolbxLVL_2-198d84580f2.png,
Lumber,2x3x8' Premium SPF,S238,3.69,/each,https://shop.newcanadianslumber.com/p/2x3x8-premium-spf/S238,https://toolbx-product-catalog.s3.us-east-1.amazonaws.com/ecommerce/CatalogOPSProject/TLBX/TLBX-01-109-0202.png,
Lumber,"4x8x3/4"" PT Square Privacy Lattice - Custom Order",PL4834SQ,123,/each,https://shop.newcanadianslumber.com/p/4x8x34-pt-square-privacy-lattice-custom-order/PL4834SQ,https://ik.imagekit.io/toolbx/ecommerce/NCL/PL4834SQ.jpg,
Lumber,2x12x16' PT,PT21216,73.99,/each,https://shop.newcanadianslumber.com/p/2x12x16-pt/PT21216,https://ik.imagekit.io/toolbx/src-img/160149351088,
Lumber,4-1/4 Baseboard,BAS-400,4.79,/each,https://shop.newcanadianslumber.com/p/4-14-baseboard/BAS-400,https://ik.imagekit.io/toolbx/1749664344604,
Lumber,2x6x16' Premium SPF,S2616,17.69,/each,https://shop.newcanadianslumber.com/p/2x6x16-premium-spf/S2616,https://toolbx-product-catalog.s3.us-east-1.amazonaws.com/ecommerce/CatalogOPSProject/TLBX/TLBX-01-109-0206.png,
Lumber,1x8x10' Pine #1,P1810,24.94,/each,https://shop.newcanadianslumber.com/p/1x8x10-pine-1/P1810,https://ik.imagekit.io/toolbx/p_1657819533458_0db332d8-ca9d-4d5a-a5d4-750c798b6b20.jpg,
Lumber,"1x8x7/16"" PT Privacy Diagonal Lattice - Custom Order",PL18716PP,12.89,/each,https://shop.newcanadianslumber.com/p/1x8x716-pt-privacy-diagonal-lattice-custom-order/PL18716PP,https://ik.imagekit.io/toolbx/ecommerce/NCL/PL18716PP.jpg,
Lumber,1x12x16' Clear Pine,CP11216,82.82,/each,https://shop.newcanadianslumber.com/p/1x12x16-clear-pine/CP11216,https://ik.imagekit.io/toolbx/p_1657819509774_6d4dc04b-0696-4d86-8ce7-08eebcb2b987.jpg,
Lumber,2x2x8' PT,PT228,5.49,/each,https://shop.newcanadianslumber.com/p/2x2x8-pt/PT228,https://toolbx-product-catalog.s3.us-east-1.amazonaws.com/ecommerce/CatalogOPSProject/TLBX/TLBX-01-104-0202.png,
Lumber,"1x6"" T&G Pine ""V"" Groove 5/8"" (price per Linear Foot)",P16TGV,1.49,/foot,https://shop.newcanadianslumber.com/p/1x6-tg-pine-v-groove-58-price-per-linear-foot/P16TGV,https://ik.imagekit.io/toolbx/ecommerce/NCL/P16TGV.jpeg,
Lumber,1x6x6' Premium Cedar,C166,10.25,/each,https://shop.newcanadianslumber.com/p/1x6x6-premium-cedar/C166,https://ik.imagekit.io/toolbx/p_1606681339219_c2f1e098-e281-4f71-b034-bd3d425c4cbd.jpg,
Lumber,5/4x6x16' PT,PT1616DB,19.09,/each,https://shop.newcanadianslumber.com/p/54x6x16-pt/PT1616DB,https://ik.imagekit.io/toolbx/src-img/196482350772,
Lumber,5x5x10' PT,PT5510,39.99,/each,https://shop.newcanadianslumber.com/p/5x5x10-pt/PT5510,https://toolbx-product-catalog.s3.us-east-1.amazonaws.com/ecommerce/CatalogOPSProject/TLBX/TLBX-01-104-0404.png,
Lumber,1x5x16' Clear Pine,CP1516,29.95,/each,https://shop.newcanadianslumber.com/p/1x5x16-clear-pine/CP1516,https://ik.imagekit.io/toolbx/p_1657819513384_4907ff10-5abd-4388-a780-a3312fe3c748.jpg,
Lumber,2x4x8' Grooved Cedar,C248G,21.99,/each,https://shop.newcanadianslumber.com/p/2x4x8-grooved-cedar/C248G,https://ik.imagekit.io/toolbx/ecommerce/NCL/9.26.22/C248G.png,
Lumber,"1x5"" Poplar Lumber (sold by LF)",POP15F,3.93,/each,https://shop.newcanadianslumber.com/p/1x5-poplar-lumber-sold-by-lf/POP15F,https://ik.imagekit.io/toolbx/p_1657818968988_3dd7fba4-1f2e-4371-b014-f7f6ad375cc9.jpg,
Lumber,"1x6x12"" Poplar Lumber",POP1612,53.11,/each,https://shop.newcanadianslumber.com/p/1x6x12-poplar-lumber/POP1612,https://ik.imagekit.io/toolbx/p_1657819553455_781077d2-7924-46ee-ace0-bb672a233915.jpg,
Lumber,Pine Baseboard,BAS-508,6.53,/each,https://shop.newcanadianslumber.com/p/pine-baseboard/BAS-508,https://ik.imagekit.io/toolbx/1749742748768,
Lumber,"2x8x7/16"" Privacy Diagonal Cedar Lattice - Custom Order",CL28716PP,29.99,/each,https://shop.newcanadianslumber.com/p/2x8x716-privacy-diagonal-cedar-lattice-custom-order/CL28716PP,https://ik.imagekit.io/toolbx/ecommerce/NCL/CL28716PP.jpg,
Lumber,1x12x8' Barn-Board - One Side Rough/One Smooth,P1128BB,24.75,/each,https://shop.newcanadianslumber.com/p/1x12x8-barn-board-one-side-roughone-smooth/P1128BB,https://ik.imagekit.io/toolbx/ecommerce/NCL/P1128BB.jpeg,
Lumber,"1x2x8"" Poplar Lumber",POP128,15.36,/each,https://shop.newcanadianslumber.com/p/1x2x8-poplar-lumber/POP128,https://ik.imagekit.io/toolbx/p_1657819547010_258ab355-eb44-4022-b8cc-9361f27c9d62.jpg,
Lumber,1x5x12' Poplar Lumber,POP1512,47.1,/each,https://shop.newcanadianslumber.com/p/1x5x12-poplar-lumber/POP1512,https://ik.imagekit.io/toolbx/p_1657819547713_d0daf981-d1b1-4073-90ea-f6f5da10a811.jpg,
Lumber,1x5x8' Clear Pine,CP158,14.98,/each,https://shop.newcanadianslumber.com/p/1x5x8-clear-pine/CP158,https://ik.imagekit.io/toolbx/p_1657819513845_29ec353b-4574-4188-94bc-204c4eff21a1.jpg,
Lumber,"1x10"" Poplar Lumber (sold by LF)",POP110F,8.94,/each,https://shop.newcanadianslumber.com/p/1x10-poplar-lumber-sold-by-lf/POP110F,https://ik.imagekit.io/toolbx/p_1657818969325_4ec0675c-e6ff-4260-a67d-cdd475f2afd1.jpg,
Lumber,Pine 1-1/2 Bed Moulding,BED-100,1.93,/each,https://shop.newcanadianslumber.com/p/pine-1-12-bed-moulding/BED-100,https://ik.imagekit.io/toolbx/1749667111940,
Lumber,"2'x8'x1"" Privacy Square Cedar Lattice - Custom Order",CL281PSQ,106,/each,https://shop.newcanadianslumber.com/p/2x8x1-privacy-square-cedar-lattice-custom-order/CL281PSQ,https://ik.imagekit.io/toolbx/p_1666903064199_a815c7de-0dc8-4409-b642-7ffa7e890379_CL281PSQ.jpg,
Lumber,1x5x6' Poplar Lumber,POP156,23.55,/each,https://shop.newcanadianslumber.com/p/1x5x6-poplar-lumber/POP156,https://ik.imagekit.io/toolbx/p_1657819548438_7fa8fa73-fe56-4396-b39d-49a1722cc347.jpg,
Lumber,"1x3"" Poplar Lumber (sold by LF)",POP13F,2.76,/each,https://shop.newcanadianslumber.com/p/1x3-poplar-lumber-sold-by-lf/POP13F,https://ik.imagekit.io/toolbx/p_1657820053534_fb6e49e3-f050-45e8-9717-d423b71583ac.jpg,
Lumber,1x5x8' Clear Pine,CP158.,14.98,/each,https://shop.newcanadianslumber.com/p/1x5x8-clear-pine/CP158.,https://ik.imagekit.io/toolbx/p_1657819511775_4d339942-a64a-472c-bf77-30e0833d9356.jpg,
Lumber,1x8x8' Premium Cedar,C188,28.69,/each,https://shop.newcanadianslumber.com/p/1x8x8-premium-cedar/C188,https://ik.imagekit.io/toolbx/ecommerce/NCL/9.26.22/C188.png,
Lumber,"1x4"" Poplar Lumber (sold by LF)",POP14F,3.09,/each,https://shop.newcanadianslumber.com/p/1x4-poplar-lumber-sold-by-lf/POP14F,https://ik.imagekit.io/toolbx/p_1657819738219_9e2268bc-b97f-4318-924d-5dc1ad6f6327.jpg,
Lumber,2x8x16' Premium Cedar Lumber,C2816,107.89,/each,https://shop.newcanadianslumber.com/p/2x8x16-premium-cedar-lumber/C2816,https://ik.imagekit.io/toolbx/ecommerce/NCL/2X8CEDAR.png,
Lumber,"1x12"" Poplar Lumber (sold by LF)",POP112F,11.61,/each,https://shop.newcanadianslumber.com/p/1x12-poplar-lumber-sold-by-lf/POP112F,https://ik.imagekit.io/toolbx/p_1606679811201_f32aaa90-17c2-4b69-89b4-7a9ddcd29ecc.jpg,
Lumber,1x5x10' Clear Pine,CP1510,18.72,/each,https://shop.newcanadianslumber.com/p/1x5x10-clear-pine/CP1510,https://ik.imagekit.io/toolbx/ecommerce/NCL/CP1510.jpeg,
Lumber,1x6x12' Clear Pine,CP1612,34.68,/each,https://shop.newcanadianslumber.com/p/1x6x12-clear-pine/CP1612,https://ik.imagekit.io/toolbx/p_1657819515068_92052726-64bd-4ea3-ac94-e7f4f8fd3520.jpg,
Lumber,"1x6"" Poplar Lumber (sold by LF)",POP16F,4.43,/each,https://shop.newcanadianslumber.com/p/1x6-poplar-lumber-sold-by-lf/POP16F,https://ik.imagekit.io/toolbx/p_1657818961929_9d2c13ce-4ec3-4989-97ef-0de0ffe7d747.jpg,
Lumber,1x3x8' Poplar,POP138,22.04,/each,https://shop.newcanadianslumber.com/p/1x3x8-poplar/POP138,https://ik.imagekit.io/toolbx/p_1657819547374_1b330562-19ef-4f6c-b29e-6ea2f69182d1.jpg,
Lumber,1x6x8' Poplar Lumber,POP168,35.4,/each,https://shop.newcanadianslumber.com/p/1x6x8-poplar-lumber/POP168,https://ik.imagekit.io/toolbx/p_1657818836549_c3abaff2-1889-418d-b354-f1779e91b622.jpg,
Lumber,1x5x6' Clear Pine,CP156,11.23,/each,https://shop.newcanadianslumber.com/p/1x5x6-clear-pine/CP156,https://ik.imagekit.io/toolbx/ecommerce/NCL/CP156.jpeg,
Lumber,"1x4x6' Pine T&G ""V"" Groove",P146TG,4.69,/each,https://shop.newcanadianslumber.com/p/1x4x6-pine-tg-v-groove/P146TG,https://ik.imagekit.io/toolbx/ecommerce/NCL/P146TG.jpeg,
Lumber,"1x8"" Poplar Lumber",POP18F,5.26,/each,https://shop.newcanadianslumber.com/p/1x8-poplar-lumber/POP18F,https://ik.imagekit.io/toolbx/p_1657819454188_60c121d3-55ef-4c6a-b3f7-918388b56cee.jpg,
Lumber,Pine 2-3/4 Casing,CAS-255,3.64,/each,https://shop.newcanadianslumber.com/p/pine-2-34-casing/CAS-255,https://ik.imagekit.io/toolbx/1749668260747,
Lumber,1x6x10' T&G Knotty Cedar Lumber,C1610KTG,33.99,/each,https://shop.newcanadianslumber.com/p/1x6x10-tg-knotty-cedar-lumber/C1610KTG,https://ik.imagekit.io/toolbx/ecommerce/NCL/C1610KTG.PNG,
Lumber,"1x2"" Poplar Lumber (sold by LF)",POP12F,1.92,/each,https://shop.newcanadianslumber.com/p/1x2-poplar-lumber-sold-by-lf/POP12F,https://toolbx-product-catalog.s3.us-east-1.amazonaws.com/ecommerce/CatalogOPSProject/GenerativeAIProject/Poplar/1x2Poplar.png,
Lumber,1x5x8' Poplar Lumber,POP158,31.4,/each,https://shop.newcanadianslumber.com/p/1x5x8-poplar-lumber/POP158,https://ik.imagekit.io/toolbx/p_1657819548816_ccc1b546-3b94-4bd0-a1ab-c58901bf1696.jpg,
Lumber,1x8x10' Poplar Lumber,POP1810,52.61,/each,https://shop.newcanadianslumber.com/p/1x8x10-poplar-lumber/POP1810,https://ik.imagekit.io/toolbx/p_1657819556966_081c2727-8bb9-49cf-ae28-dd0d077a2fa6.jpg,
Lumber,"4'x8'x3/4"" Privacy Square Cedar Lattice - Custom Order",CL4834PSQ,167,/each,https://shop.newcanadianslumber.com/p/4x8x34-privacy-square-cedar-lattice-custom-order/CL4834PSQ,https://ik.imagekit.io/toolbx/1738767021214,
