Company Name,Description,Confidence
Alloy Roofing,Provides roofing services for residential and commercial properties.,High
Roofing Services Solutions,Offers comprehensive roofing services and solutions.,High
Skyline Roofing Partners,A network or group focused on providing roofing services.,High
Stonegrove Roofing Partners,A network or group specializing in roofing services.,High
Omnia Exterior Solutions,"Provides a range of exterior home improvement services, including roofing, siding, and windows.",High
ONE,"Likely offers exterior home improvement, roofing, or restoration services, based on its context within this market map.",Medium
SkyCrest,Provides roofing or exterior home improvement services.,High
Firstridge Service Partners,"A group of service partners focused on home improvement or exterior services, likely including roofing.",High
RAFT RX Roofing + Exteriors,Specializes in comprehensive roofing and exterior home improvement services.,High
Canopy Services,"Provides various home services, potentially including roofing or exterior work.",High
VERTEX Service Partners,A group of service partners in the home improvement or exterior sector.,High
VALOR Exterior Partners,Specializes in providing exterior home improvement services.,High
Ridgeline Roofing & Restoration,Offers roofing and restoration services for residential and commercial properties.,High
Aligned Exteriors Group,A group of companies focused on exterior home improvement services.,High
IHS,Provides home improvement or exterior services. The full company name represented by 'IHS' is not explicitly visible.,Medium
US United Service Partners,A collective of service partners operating in the home improvement or exterior services sector.,High
ELITE Construction Solutions,"Offers various construction solutions, likely specializing in residential or exterior construction.",High
PEAK Roofing Partners,A network or group of partners specializing in roofing services.,High
Legacy Restoration,"Specializes in restoration services, often for storm damage to homes, including roofing and exteriors.",High
NORTHPOINT Roofing Systems,Provides and installs comprehensive roofing systems.,High
Pinnacle Home Improvement Group,A group focused on delivering various home improvement services.,High
Apple Roofing,Provides professional roofing services.,High
STRONGHOUSE SOLUTIONS,"Offers durable home exterior solutions, likely including roofing, siding, and windows.",High
A Allstar Services,"Provides a variety of general home services, likely including exterior work.",High
TRUSSPOINT Roofing & Exteriors,Specializes in both roofing and exterior home improvement services.,High
