Brand,Sub-brand,Status
Aligned Exteriors Group,Home Pro Roofing,Success
Aligned Exteriors Group,Perfect Exteriors,Success
Aligned Exteriors Group,Lakes Country,Success
Aligned Exteriors Group,Whitney Roofing,Success
Aligned Exteriors Group,Fargo Roofing & Siding,Success
Aligned Exteriors Group,Trinity Exteriors,Success
Alloy Roofing,TTIO Brothers Construction,Success
Alloy Roofing,Langley Roofing,Success
Alloy Roofing,Munz Roofing & Siding,Success
Alloy Roofing,Amstill Roofing,Success
Alloy Roofing,Ibex Roof,Success
Apple Roofing,Crest Exteriors LLC,Success
Apple Roofing,Triad,Success
Apple Roofing,NMC Interiors & Remodeling,Success
Apple Roofing,Saint Raphael Roofing Inc,Success
A Allstar Services,Kingdom Roofing Systems,Success
A Allstar Services,Craftsmen Contractors,Success
A Allstar Services,M&M Home Remodeling Services,Success
A Allstar Services,A&M Home Services,Success
A Allstar Services,Waddle Exteriors,Success
A Allstar Services,Galloway Roofing,Success
A Allstar Services,Barrier Roofs,Success
A Allstar Services,Rapid Roofing,Success
A Allstar Services,Custom Installations,Success
A Allstar Services,A Allstar Construction & Home,Success
A Allstar Services,Krech Exteriors,Success
A Allstar Services,Arocon Home Improvement,Success
A Allstar Services,Bordner Home Improvement,Success
A Allstar Services,Dream Home Construction & Remodeling,Success
A Allstar Services,Worthmann Roofing,Success
A Allstar Services,Royalty Roofing,Success
A Allstar Services,Twin Cities Siding & Roofing,Success
A Allstar Services,Tadlock Roofing,Success
A Allstar Services,Premium Exteriors,Success
Canopy Services,Larson Home Services,Success
Canopy Services,Batterbee Roofing,Success
Canopy Services,"Adam Vaillancourt, LLC",Success
Canopy Services,Tiger Team Roofing,Success
Canopy Services,Keeney Home Services,Success
Canopy Services,Elite Roofing LLC,Success
ELITE Construction Solutions,123 Exteriors,Success
ELITE Construction Solutions,Aspen Exteriors,Success
ELITE Construction Solutions,Wildwood Roofing & Construction,Success
ELITE Construction Solutions,Reimagine Roofing,Success
ELITE Construction Solutions,Universal Home,Success
ELITE Construction Solutions,Jackson,Success
Firstridge Service Partners,Ashton McGee Restoration Group,Success
Firstridge Service Partners,Andrus Brothers Roofing (ABR),Success
Firstridge Service Partners,QUALIS,Success
Firstridge Service Partners,Birdcreek Roofing,Success
Firstridge Service Partners,NexGen Exteriors,Success
Firstridge Service Partners,Randall and Son (RNS),Success
IHS,Overhead Solutions,Success
IHS,Exterior Medics,Success
IHS,Werner Roofing,Success
IHS,Wheatland Roofing Inc.,Success
IHS,Exterior Heroes,Success
IHS,Skywalker Roofing,Success
IHS,Dangelo & Sons Exterior Home Remodelling,Success
IHS,Carpenter's Roofing & Sheet Metal,Success
IHS,Resnick Roofing,Success
IHS,Specialty Exteriors,Success
IHS,GF Sprague Windows Roofing Siding,Success
IHS,Altec Roofing Est. 1984,Success
IHS,Henderson Roofing,Success
IHS,Watkins Construction & Roofing,Success
IHS,G. Fedale,Success
IHS,Interstate Roofing,Success
IHS,American Home Contractors,Success
IHS,"Ken's Parkhill Roofing Co., Inc.",Success
IHS,Couto Construction Exterior Home Experts,Success
IHS,Valentine Roofing,Success
IHS,Infinity Exteriors,Success
IHS,Premier Roofing + Exteriors,Success
IHS,Cochran Exteriors,Success
IHS,High Point Roofing & Masonry,Success
IHS,Franzoso Contractors,Success
Legacy Restoration,Janney Roofing,Success
Legacy Restoration,SR&R,Success
Legacy Restoration,Southern Restoration & Remodeling,Success
NORTHPOINT Roofing Systems,Rising Star Roofing,Success
NORTHPOINT Roofing Systems,Cardinal Roofing,Success
NORTHPOINT Roofing Systems,Master Roofers,Success
Omnia Exterior Solutions,Brandon J Roofing,Success
Omnia Exterior Solutions,Hoffman Weber Construction,Success
Omnia Exterior Solutions,HUF Construction,Success
Omnia Exterior Solutions,Ace Roofing,Success
Omnia Exterior Solutions,Central Roofing,Success
Omnia Exterior Solutions,TMJ Construction Services,Success
Omnia Exterior Solutions,Great Roofing,Success
Omnia Exterior Solutions,Black Hills Exteriors (BHE),Success
Omnia Exterior Solutions,Brothers Services Company,Success
Omnia Exterior Solutions,Hero Roofing,Success
Omnia Exterior Solutions,James & Whitney Co.,Success
ONE,Interstate Roofing,Success
ONE,Gold Medal Services,Success
ONE,O'Danny Boy Builders Inc,Success
ONE,5 Stars Roofing,Success
PEAK Roofing Partners,Action Roofing,Success
PEAK Roofing Partners,Skymark Roofing,Success
Pinnacle Home Improvement Group,Lindholm Exterior Roofing,Success
Pinnacle Home Improvement Group,FAS Windows & Doors,Success
RAFT RX Roofing   Exteriors,Perimeter Roofing,Success
RAFT RX Roofing   Exteriors,Kingdom Krafters,Success
RAFT RX Roofing   Exteriors,Gold Medal Roofing Company,Success
RAFT RX Roofing   Exteriors,Regal Roofing,Success
RAFT RX Roofing   Exteriors,Humbled Roofing & Restoration,Success
RAFT RX Roofing   Exteriors,Mills Sons & Roofing,Success
RAFT RX Roofing   Exteriors,Apex General Contracting,Success
RAFT RX Roofing   Exteriors,Blue Hammer Roofing,Success
Ridgeline Roofing   Restoration,PRO-SHIELD Roofing & Construction,Success
Ridgeline Roofing   Restoration,Brody Allen Exteriors,Success
Ridgeline Roofing   Restoration,Kenneth Daniel Roofing,Success
Ridgeline Roofing   Restoration,Signature Exteriors,Success
Roofing Services Solutions,"Quality First Roofing, LLC",Success
Roofing Services Solutions,West Orange Roofing,Success
Roofing Services Solutions,Noland's Roofing,Success
Roofing Services Solutions,"Barry W. Johnston Roofing, LLC",Success
Roofing Services Solutions,Ja-Mar Roofing & Sheet Metal,Success
Roofing Services Solutions,Stratus Roofing,Success
Roofing Services Solutions,Midwest,Success
SkyCrest,BULLDOG ROOFING,Success
SkyCrest,ANTHONY C. LEONARD ROOFING,Success
Skyline Roofing Partners,ONE DAY ROOFING,Success
Skyline Roofing Partners,JOHN HOGAN ROOFING,Success
Skyline Roofing Partners,CLASSIC,Success
Skyline Roofing Partners,elo ROOFING,Success
Stonegrove Roofing Partners,AR ROOFING LLC,Success
Stonegrove Roofing Partners,LIFETIME ROOFING,Success
Stonegrove Roofing Partners,COLONY ROOFERS,Success
Stonegrove Roofing Partners,INTEGRITY,Success
Stonegrove Roofing Partners,MOSS,Success
Stonegrove Roofing Partners,BIGFOOT ROOFING,Success
Stonegrove Roofing Partners,GOLDEN GROUP,Success
Stonegrove Roofing Partners,ASI CONSTRUCTION,Success
Stonegrove Roofing Partners,TEC,Success
STRONGHOUSE SOLUTIONS,LINEAR ROOFING,Success
STRONGHOUSE SOLUTIONS,IRISH ROOFING & EXTERIORS,Success
STRONGHOUSE SOLUTIONS,CROWN Certified,Success
STRONGHOUSE SOLUTIONS,Capital CONSTRUCTION,Success
STRONGHOUSE SOLUTIONS,Marshall,Success
STRONGHOUSE SOLUTIONS,Gustafson Roofing,Success
STRONGHOUSE SOLUTIONS,INFINITY ROOFING & SIDING,Success
STRONGHOUSE SOLUTIONS,OPTIONS Home Repair,Success
TRUSSPOINT Roofing   Exteriors,RIDGE TOP EXTERIORS,Success
TRUSSPOINT Roofing   Exteriors,MARIO'S ROOFING SIDING & WINDOWS,Success
US United Service Partners,ENVISION CONSTRUCTION,Success
US United Service Partners,LEVEL ROOFING,Success
US United Service Partners,TRADEMARK roofing,Success
US United Service Partners,"VPRO commercial, LLC",Success
US United Service Partners,TITAN ROOFING,Success
US United Service Partners,Pappas ROOFING & CONSTRUCTION,Success
VALOR Exterior Partners,WeatherCheck,Success
VALOR Exterior Partners,ROOFING KING,Success
VALOR Exterior Partners,Doing It Right,Success
VALOR Exterior Partners,KIRKEN EXTERIORS,Success
VALOR Exterior Partners,HP Roofing,Success
VERTEX Service Partners,Action Roofing,Success
VERTEX Service Partners,"Bachman's Roofing, Solar & Remodeling",Success
VERTEX Service Partners,Home Roofing Solutions,Success
VERTEX Service Partners,North Creek Roofing,Success
VERTEX Service Partners,Handyman Roofing,Success
VERTEX Service Partners,O'Leary Roofing,Success
VERTEX Service Partners,Findlay Roofing,Success
VERTEX Service Partners,SemperFi Roofing & Exteriors,Success
VERTEX Service Partners,Kairos Roofing,Success
VERTEX Service Partners,Don Kennedy Roofing Co.,Success
VERTEX Service Partners,Blake Roofing,Success
VERTEX Service Partners,Overson Roofing,Success
VERTEX Service Partners,Pyramid Roofing,Success
VERTEX Service Partners,Monarch Roofing,Success
VERTEX Service Partners,JP Carroll Roofing,Success
VERTEX Service Partners,Meredith Home Improvements,Success
VERTEX Service Partners,Victors Home Solutions,Success
VERTEX Service Partners,Eustis Roofing,Success
VERTEX Service Partners,KQ King Quality Roofing,Success
VERTEX Service Partners,Rogers Roofing,Success
VERTEX Service Partners,McHale Roofing,Success
VERTEX Service Partners,Cherry Roofing,Success
