sep=;
"data-value1";"data-value2";"data-value3";"data-value4";"ubicacion";"categoría";"tipo_operacion";"subtipo_propiedad";"seq_no";"postID";"last_post_date";"título";"descripción";"precio";"precio_alquiler_mes";"recámaras";"baños";"parking";"parking_area";"tipo_de_anunciante";"dirección_exacta";"tamaño_del_lote";"lot_size_unit";"altura";"año_de_construcción";"tipo_de_pisosn";"niveles";"piso_número";"piscina";"balcón_terraza";"disponible_desde";"tamaño_de_la_construcción";"costos_de_mantenimiento";"ad_url";"isPost";"cerca_de_escuela";"pet_friendly";"cerca_del_tráfico";"vista_al_mar";"vista_al_lago";"vista_a_las_montañas";"frente_al_mar";"frente_al_lago";"frente_al_río";"parking_bajo_techo";"parking_de_visitas";"cuarto_y_baño_de_empleada";"seguridad_24_horas";"2_o_más_elevadores";"lavandería_interna";"1_studio";"2_o_más_estudios";"depósito";"salón_de_fiestas";"jardín";"parque_infantil";"gimnasio";"desayunador";"a/c";"patio";"a/c_central";"terreno_en_esquina";"calle_sin_salida";"garaje_techado";"sala_y_comedor";"área_social";"walk-in_closet";"área_de_bbq";"lobby";"planta_eléctrica";"jacuzzi";"bar";"nevera";"microondas";"estufa";"lavaplatos";"dispensador_de_agua_caliente";"calentador_de_agua";"lavadora";"secadora";"aire_acondicionado";"servicios";"baño_visitas";"cocina_amoblada";"amoblado";"comedor_de_diario"
"Panamá Provincia";"Ciudad de Panamá";"Bella Vista";"";"Bella Vista";"Bienes Raíces";"Alquiler";"Alquileres Amueblados";"32018264";"32018264";"Publicado el 19/02/2026";"PH NUOVO by ARMANI: 105m² Amoblado | 2 Rec + Den | $2,000 $2,000";"Apartamento amoblado en el icónico PH Nuovo by Armani/Casa, ubicado en Bella Vista, una de las zonas más céntricas y mejor conectadas de la ciudad. Ideal para ejecutivos que trabajan desde casa y buscan diseño, confort y ubicación premium.

Características del apartamento:
— 105 m² bien distribuidos
— 2 recámaras
— 3 baños completos
— Den/Oficina ideal para teletrabajo
— Sala y comedor con mobiliario moderno
— Cocina equipada con línea blanca de primera
— Aires acondicionados inverter de bajo consumo
— Amoblado completo listo para mudarse
— 1 estacionamiento

Amenidades y estilo de vida en PH Nuovo:
— Piscina y solárium
— Gimnasio de alto nivel
— Salón de eventos y lounge para residentes
— Lobby elegante con conserjería
— Seguridad 24/7 y control de acceso
— Diseño contemporáneo firmado por Armani

Ubicación y entorno – Bella Vista:
— Zona estratégica entre Avenida Balboa y el centro financiero
— Cercano a restaurantes, supermercados y hospitales
— Fácil acceso a Calle 50, Vía España y Cinta Costera
— Alta demanda para ejecutivos y profesionales

Condiciones del alquiler:
— Precio final: $2,000 mensuales

Contáctenos para coordinar una visita a esta propiedad";"";"2000.00";"2";"3";"1";"105";"Agente";"Bella Vista";"105";"1";"3.0";"2014";"12";"1";"1";"si";"balcón";"Inmediato";"105";"1";"https://www.encuentra24.com/account/admodify/index/id/32018264/type/active";"True";"si";"no";"si";"no";"no";"no";"no";"no";"no";"si";"si";"no";"si";"si";"si";"no";"no";"no";"si";"no";"si";"si";"si";"si";"no";"no";"no";"no";"si";"si";"si";"si";"si";"si";"si";"no";"no";"si";"si";"si";"si";"no";"no";"si";"si";"si";"si";"no";"si";"si";"si"
