vendor,category,name,url,sku,model,price,unit,image_url,scrape_date
Home Depot Canada,Dimensional Lumber & Studs,2-inch x 4-inch x 8-ft SPF Select 2Btr Grade Lumber,https://www.homedepot.ca/product/1000112108,1000112108,112108,$$3.98,/ each,https://images.homedepot.ca/productimages/p_1000112108.jpg?product-images=m,2026-01-07 11:15:31.657012
Home Depot Canada,Dimensional Lumber & Studs,2-inch x 6-inch x 8-ft SPF Select 2Btr Grade Lumber,https://www.homedepot.ca/product/1000117995,1000117995,117995,$$6.48,/ each,https://images.homedepot.ca/productimages/p_1000117995.jpg?product-images=m,2026-01-07 11:15:31.885016
Home Depot Canada,Dimensional Lumber & Studs,2-inch x 4 inch x 10-ft SPF Select 2Btr Grade Lumber,https://www.homedepot.ca/product/1000100158,1000100158,100158,$$5.98,/ each,https://images.homedepot.ca/productimages/p_1000100158.jpg?product-images=m,2026-01-07 11:15:32.006065
Home Depot Canada,Dimensional Lumber & Studs,2-inch x 2-inch x 8-ft SPF Premium 2Btr Grade Lumber,https://www.homedepot.ca/product/1000173732,1000173732,173732,$$3.87,/ each,https://images.homedepot.ca/productimages/p_1000173732.jpg?product-images=m,2026-01-07 11:15:32.129176
Home Depot Canada,Dimensional Lumber & Studs,1-inch x 2-inch x 8-ft SPF Premium 2Btr Grade Lumber,https://www.homedepot.ca/product/1000173739,1000173739,10107,$$1.96,/ each,https://images.homedepot.ca/productimages/p_1000173739.jpg?product-images=m,2026-01-07 11:15:32.266253
Home Depot Canada,Dimensional Lumber & Studs,2-inch x 4-inch x 92 5/8-inch SPF Select 2Btr Grade Lumber,https://www.homedepot.ca/product/1000112105,1000112105,112105,$$3.93,/ each,https://images.homedepot.ca/productimages/p_1000112105.jpg?product-images=m,2026-01-07 11:15:32.412776
Home Depot Canada,Dimensional Lumber & Studs,1-inch x 4-inch x 8-ft SPF Premium 2Btr Grade Lumber,https://www.homedepot.ca/product/1000100188,1000100188,75800742,$$3.82,/ each,https://images.homedepot.ca/productimages/p_1000100188.jpg?product-images=m,2026-01-07 11:15:32.551806
Home Depot Canada,Dimensional Lumber & Studs,2-inch x 4-inch x 12-foot SPF Select 2Btr Grade Lumber,https://www.homedepot.ca/product/1000100159,1000100159,100159,$$7.28,/ each,https://images.homedepot.ca/productimages/p_1000100159.jpg?product-images=m,2026-01-07 11:15:32.676495
Home Depot Canada,Dimensional Lumber & Studs,2-inch x 6-inch x 10-ft SPF Select 2Btr Grade Lumber,https://www.homedepot.ca/product/1000100164,1000100164,100164,$$10.98,/ each,https://images.homedepot.ca/productimages/p_1000100164.jpg?product-images=m,2026-01-07 11:15:32.801194
Home Depot Canada,Dimensional Lumber & Studs,2-inch x 3-inch x 8-ft FJ SPF Select 2Btr Grade Lumber,https://www.homedepot.ca/product/1000112106,1000112106,112106,$$3.38,/ each,https://images.homedepot.ca/productimages/p_1000112106.jpg?product-images=m,2026-01-07 11:15:32.926482
Home Depot Canada,Dimensional Lumber & Studs,1-inch x 6-inch x 8-ft SPF Premium 2Btr Grade Lumber,https://www.homedepot.ca/product/1000414127,1000414127,90001489,$$6.13,/ each,https://images.homedepot.ca/productimages/p_1000414127.jpg?product-images=m,2026-01-07 11:15:33.050966
Home Depot Canada,Dimensional Lumber & Studs,2-inch x 10-inch x 8-ft SPF Premium 2Btr Grade Lumber,https://www.homedepot.ca/product/1000100173,1000100173,100173,$$18.64,/ each,https://images.homedepot.ca/productimages/p_1000100173.jpg?product-images=m,2026-01-07 11:15:33.192877
Home Depot Canada,Dimensional Lumber & Studs,2-inch x 8-inch x 8-ft SPF Premium 2Btr Grade Lumber,https://www.homedepot.ca/product/1000100168,1000100168,100168,$$15.11,/ each,https://images.homedepot.ca/productimages/p_1000100168.jpg?product-images=m,2026-01-07 11:15:33.322240
Home Depot Canada,Dimensional Lumber & Studs,1-inch x 3-inch x 8-ft SPF Premium 2Btr Grade Lumber,https://www.homedepot.ca/product/1000112188,1000112188,112188,$$3.05,/ each,https://images.homedepot.ca/productimages/p_1000112188.jpg?product-images=m,2026-01-07 11:15:33.446236
Home Depot Canada,Dimensional Lumber & Studs,2-inch x 12-inch x 12-ft SPF Premium 2Btr Grade Lumber,https://www.homedepot.ca/product/1000100180,1000100180,100180,$$46.84,/ each,https://images.homedepot.ca/productimages/p_1000100180.jpg?product-images=m,2026-01-07 11:15:33.571023
Home Depot Canada,Dimensional Lumber & Studs,2-inch x 4-inch x 16-ft SPF Select 2Btr Grade Lumber,https://www.homedepot.ca/product/1000100162,1000100162,100162,$$9.92,/ each,https://images.homedepot.ca/productimages/p_1000100162.jpg?product-images=m,2026-01-07 11:15:33.696568
Home Depot Canada,Dimensional Lumber & Studs,2-inch x 6-inch x 12-ft SPF Select 2Btr Grade Lumber,https://www.homedepot.ca/product/1000100165,1000100165,100165,$$13.28,/ each,https://images.homedepot.ca/productimages/p_1000100165.jpg?product-images=m,2026-01-07 11:15:33.821800
Home Depot Canada,Dimensional Lumber & Studs,2-inch x 10-inch x 10-ft SPF Premium 2Btr Grade Lumber,https://www.homedepot.ca/product/1000167995,1000167995,167995,$$24.21,/ each,https://images.homedepot.ca/productimages/p_1000167995.jpg?product-images=m,2026-01-07 11:15:33.942058
Home Depot Canada,Dimensional Lumber & Studs,2-inch x 6-inch x 16-ft SPF Select 2Btr Grade Lumber,https://www.homedepot.ca/product/1000100167,1000100167,100167,$$17.67,/ each,https://images.homedepot.ca/productimages/p_1000100167.jpg?product-images=m,2026-01-07 11:15:34.078888
Home Depot Canada,Dimensional Lumber & Studs,2-inch x 4-inch x 104 5/8 inch SPF Select 2Btr Grade Lumber,https://www.homedepot.ca/product/1000427064,1000427064,427064,$$4.76,/ each,https://images.homedepot.ca/productimages/p_1000427064.jpg?product-images=m,2026-01-07 11:15:34.203778
Home Depot Canada,Dimensional Lumber & Studs,2-inch x 8-inch x 10-ft SPF Premium 2Btr Grade Lumber,https://www.homedepot.ca/product/1000100169,1000100169,100169,$$18.94,/ each,https://images.homedepot.ca/productimages/p_1000100169.jpg?product-images=m,2026-01-07 11:15:34.351315
Home Depot Canada,Dimensional Lumber & Studs,2-inch x 10-inch x 12-ft SPF Premium 2Btr Grade Lumber,https://www.homedepot.ca/product/1000100175,1000100175,100175,$$29.43,/ each,https://images.homedepot.ca/productimages/p_1000100175.jpg?product-images=m,2026-01-07 11:15:34.480061
Home Depot Canada,Dimensional Lumber & Studs,2-inch x 6-inch x 92 5/8 inch SPF Select 2Btr Grade Lumber,https://www.homedepot.ca/product/1000112113,1000112113,112113,$$6.43,/ each,https://images.homedepot.ca/productimages/p_1000112113.jpg?product-images=m,2026-01-07 11:15:34.613715
Home Depot Canada,Dimensional Lumber & Studs,2-inch x 8-inch x 12-ft SPF Premium 2Btr Grade Lumber,https://www.homedepot.ca/product/1000100170,1000100170,100170,$$22.73,/ each,https://images.homedepot.ca/productimages/p_1000100170.jpg?product-images=m,2026-01-07 11:15:34.757541
Home Depot Canada,Dimensional Lumber & Studs,2 in. x 4 in. x 8 ft. Premium Knotty Cedar Wood,https://www.homedepot.ca/product/porcupine-2-in-x-4-in-x-8-ft-premium-knotty-cedar-wood/1000167650,1000167650,12408,$$17.57,/ each,https://images.homedepot.ca/productimages/p_1000167650.jpg?product-images=m,2026-01-07 11:15:34.897008
Home Depot Canada,Dimensional Lumber & Studs,2-inch x 10-inch x 16-ft SPF Premium 2Btr Grade Lumber,https://www.homedepot.ca/product/1000100177,1000100177,100177,$$37.34,/ each,https://images.homedepot.ca/productimages/p_1000100177.jpg?product-images=m,2026-01-07 11:15:35.083907
Home Depot Canada,Dimensional Lumber & Studs,2-inch x 12-inch x 16-ft SPF Premium 2Btr Grade Lumber,https://www.homedepot.ca/product/1000100182,1000100182,100182,$$65.46,/ each,https://images.homedepot.ca/productimages/p_1000100182.jpg?product-images=m,2026-01-07 11:15:35.333515
Home Depot Canada,Dimensional Lumber & Studs,2-inch x 8-inch x 16-ft SPF Premium 2Btr Grade Lumber,https://www.homedepot.ca/product/1000100172,1000100172,100172,$$30.31,/ each,https://images.homedepot.ca/productimages/p_1000100172.jpg?product-images=m,2026-01-07 11:15:35.479306
Home Depot Canada,Dimensional Lumber & Studs,2-inch x 6-inch x 104 5/8 inch SPF Select 2Btr Grade Lumber,https://www.homedepot.ca/product/1000427065,1000427065,427065,$$8.48,/ each,https://images.homedepot.ca/productimages/p_1000427065.jpg?product-images=m,2026-01-07 11:15:35.637201
Home Depot Canada,Dimensional Lumber & Studs,2 in. x 4 in. x 10 ft. Premium Knotty Cedar Wood,https://www.homedepot.ca/product/porcupine-2-in-x-4-in-x-10-ft-premium-knotty-cedar-wood/1000159109,1000159109,12410,$$21.32,/ each,https://images.homedepot.ca/productimages/p_1000159109.jpg?product-images=m,2026-01-07 11:15:35.818732
Home Depot Canada,Dimensional Lumber & Studs,1-inch x 3-inch x 12-ft SPF Premium 2Btr Grade Lumber,https://www.homedepot.ca/product/1000107962,1000107962,134S128M,$$4.63,/ each,https://images.homedepot.ca/productimages/p_1000107962.jpg?product-images=m,2026-01-07 11:15:35.950760
Home Depot Canada,Dimensional Lumber & Studs,2-inch x 3-inch x 8-ft SPF Select 2Btr Grade Lumber,https://www.homedepot.ca/product/1000112102,1000112102,10107,$$5.00,/ each,https://images.homedepot.ca/productimages/p_1000112102.jpg?product-images=m,2026-01-07 11:15:36.076279
Home Depot Canada,Dimensional Lumber & Studs,1 in. x 8 in. x 8 ft. S1S2E Premium Knotty Cedar Wood,https://www.homedepot.ca/product/porcupine-1-in-x-8-in-x-8-ft-s1s2e-premium-knotty-cedar-wood/1000170536,1000170536,11508,$$29.76,/ each,https://images.homedepot.ca/productimages/p_1000170536.jpg?product-images=m,2026-01-07 11:15:36.207794
Home Depot Canada,Dimensional Lumber & Studs,"Lath 3/8-inch x1-1/2-inch x 48-inch SPF Blunt End, 50-Piece Bundle",https://www.homedepot.ca/product/irving-lath-3-8-inch-x1-1-2-inch-x-48-inch-spf-blunt-end-50-piece-bundle/1000115215,1000115215,64102936,$$38.88,/ each,https://images.homedepot.ca/productimages/p_1000115215.jpg?product-images=m,2026-01-07 11:15:36.333319
Home Depot Canada,Dimensional Lumber & Studs,2 x 6 x 8' Premium Knotty Cedar Wood,https://www.homedepot.ca/product/porcupine-2-x-6-x-8-premium-knotty-cedar-wood/1000145437,1000145437,12508,$$31.58,/ each,https://images.homedepot.ca/productimages/p_1000145437.jpg?product-images=m,2026-01-07 11:15:36.457358
Home Depot Canada,Dimensional Lumber & Studs,4 in. x 4 in. x 10 ft. Premium Knotty Cedar Post,https://www.homedepot.ca/product/porcupine-4-in-x-4-in-x-10-ft-premium-knotty-cedar-post/1000100115,1000100115,17210,$$64.16,/ each,https://images.homedepot.ca/productimages/p_1000100115.jpg?product-images=m,2026-01-07 11:15:36.603747
Home Depot Canada,Dimensional Lumber & Studs,LVL 2.0E Beam 1.75 Inch 9.5 Inchx12 Feet,https://www.homedepot.ca/product/pwt-lvl-2-0e-beam-1-75-inch-9-5-inchx12-feet/1000839576,1000839576,561-35012,$$121.00,/ each,https://images.homedepot.ca/productimages/p_1000839576.jpg?product-images=m,2026-01-07 11:15:36.727879
Home Depot Canada,Dimensional Lumber & Studs,2-inch x 4-inch x 14-ft SPF Select 2Btr Grade Lumber,https://www.homedepot.ca/product/1000168071,1000168071,10239,$$8.55,/ each,https://images.homedepot.ca/productimages/p_1000168071.jpg?product-images=m,2026-01-07 11:15:36.868220
Home Depot Canada,Dimensional Lumber & Studs,2 in. x 8 in. x 8 ft. Premium Knotty Cedar Wood,https://www.homedepot.ca/product/porcupine-2-in-x-8-in-x-8-ft-premium-knotty-cedar-wood/1000159104,1000159104,12608,$$57.20,/ each,https://images.homedepot.ca/productimages/p_1000159104.jpg?product-images=m,2026-01-07 11:15:37.019156
Home Depot Canada,Dimensional Lumber & Studs,2-inch x 6-inch x 14-ft SPF Select 2Btr Grade Lumber,https://www.homedepot.ca/product/1000168096,1000168096,168096,$$16.25,/ each,https://images.homedepot.ca/productimages/p_1000168096.jpg?product-images=m,2026-01-07 11:15:37.145041
Home Depot Canada,Dimensional Lumber & Studs,2 in. x 6 in. x 12 ft. Premium Knotty Cedar Wood,https://www.homedepot.ca/product/porcupine-2-in-x-6-in-x-12-ft-premium-knotty-cedar-wood/1000145439,1000145439,12512,$$47.38,/ each,https://images.homedepot.ca/productimages/p_1000145439.jpg?product-images=m,2026-01-07 11:15:47.860347
Home Depot Canada,Dimensional Lumber & Studs,2 in. x 6 in. x 10 ft. Premium Knotty Cedar Wood,https://www.homedepot.ca/product/porcupine-2-in-x-6-in-x-10-ft-premium-knotty-cedar-wood/1000145438,1000145438,12510,$$39.48,/ each,https://images.homedepot.ca/productimages/p_1000145438.jpg?product-images=m,2026-01-07 11:15:47.980349
Home Depot Canada,Dimensional Lumber & Studs,2 in. x 4 in. x 12 ft. Premium Knotty Cedar Wood,https://www.homedepot.ca/product/porcupine-2-in-x-4-in-x-12-ft-premium-knotty-cedar-wood/1000159110,1000159110,12412,$$25.58,/ each,https://images.homedepot.ca/productimages/p_1000159110.jpg?product-images=m,2026-01-07 11:15:48.092350
Home Depot Canada,Dimensional Lumber & Studs,2 in. x 6 in. x 16 ft. Premium Knotty Cedar Wood,https://www.homedepot.ca/product/porcupine-2-in-x-6-in-x-16-ft-premium-knotty-cedar-wood/1000145441,1000145441,12516,$$63.17,/ each,https://images.homedepot.ca/productimages/p_1000145441.jpg?product-images=m,2026-01-07 11:15:48.207347
Home Depot Canada,Dimensional Lumber & Studs,1-inch x 3-inch x 8-feet SPF Premium 2Btr Grade Lumber,https://www.homedepot.ca/product/1000100186,1000100186,75800737,$$5.00,/ each,https://images.homedepot.ca/productimages/p_1000100186.jpg?product-images=m,2026-01-07 11:15:48.323351
Home Depot Canada,Dimensional Lumber & Studs,LVL BEAM WF 2.0E 1.75-inch x 9.5-inch x 12 ft.,https://www.homedepot.ca/product/1001854942,1001854942,L2E2319512,$$78.76,/ each,https://images.homedepot.ca/productimages/p_1001854942.jpg?product-images=m,2026-01-07 11:15:48.463349
Home Depot Canada,Dimensional Lumber & Studs,LVL BEAM WF 2.0E 1.75-inch x 9.5-inch x 16 ft.,https://www.homedepot.ca/product/1001854944,1001854944,L2E2319516,$$104.98,/ each,https://images.homedepot.ca/productimages/p_1001854944.jpg?product-images=m,2026-01-07 11:15:48.621351
Home Depot Canada,Dimensional Lumber & Studs,LVL BEAM WF 2.0E 1.75-inch x 11.875-inch x 12 ft.,https://www.homedepot.ca/product/1001854919,1001854919,L2E2311212,$$98.34,/ each,https://images.homedepot.ca/productimages/p_1001854919.jpg?product-images=m,2026-01-07 11:15:48.725326
Home Depot Canada,Dimensional Lumber & Studs,2-inch x 8-inch x 14-ft SPF Premium 2Btr Grade Lumber,https://www.homedepot.ca/product/1000168059,1000168059,168059,$$40.00,/ each,https://images.homedepot.ca/productimages/p_1000168059.jpg?product-images=m,2026-01-07 11:15:48.834950
Home Depot Canada,Dimensional Lumber & Studs,Laminated Strand Lumber 1.35E 2-inch X 6-inch X 9 feet,https://www.homedepot.ca/product/hdg-laminated-strand-lumber-1-35e-2-inch-x-6-inch-x-9-feet/1001897217,1001897217,LSL269PR,$$29.27,/ each,https://images.homedepot.ca/productimages/p_1001897217.jpg?product-images=m,2026-01-07 11:15:48.960273
Home Depot Canada,Dimensional Lumber & Studs,2-inch x 8-inch x 20-ft SPF 2&Btr Builder Grade Lumber,https://www.homedepot.ca/product/1000163745,1000163745,S20802.147.20,$$26.58,/ each,https://images.homedepot.ca/productimages/p_1000163745.jpg?product-images=m,2026-01-07 11:15:49.069720
Home Depot Canada,Dimensional Lumber & Studs,Laminated Strand Lumber 1.35E 2-inch X 6-inch X 10 feet,https://www.homedepot.ca/product/hdg-laminated-strand-lumber-1-35e-2-inch-x-6-inch-x-10-feet/1001897218,1001897218,LSL26116,$$32.52,/ each,https://images.homedepot.ca/productimages/p_1001897218.jpg?product-images=m,2026-01-07 11:15:49.196258
Home Depot Canada,Dimensional Lumber & Studs,Laminated Strand Lumber 1.35E 2-inch X 4-inch X 8 feet,https://www.homedepot.ca/product/hdg-laminated-strand-lumber-1-35e-2-inch-x-4-inch-x-8-feet/1001897213,1001897213,LSL24PR,$$17.34,/ each,https://images.homedepot.ca/productimages/p_1001897213.jpg?product-images=m,2026-01-07 11:15:49.307900
Home Depot Canada,Dimensional Lumber & Studs,Laminated Strand Lumber 1.35E 2-inch X 4-inch X 10 feet,https://www.homedepot.ca/product/hdg-laminated-strand-lumber-1-35e-2-inch-x-4-inch-x-10-feet/1001897215,1001897215,LSL24116,$$21.66,/ each,https://images.homedepot.ca/productimages/p_1001897215.jpg?product-images=m,2026-01-07 11:15:49.415734
Home Depot Canada,Dimensional Lumber & Studs,Laminated Strand Lumber 1.35E 2-inch X 4-inch X 9 feet,https://www.homedepot.ca/product/hdg-laminated-strand-lumber-1-35e-2-inch-x-4-inch-x-9-feet/1001897214,1001897214,LSL249PR,$$19.51,/ each,https://images.homedepot.ca/productimages/p_1001897214.jpg?product-images=m,2026-01-07 11:15:49.529406
Home Depot Canada,Dimensional Lumber & Studs,Laminated Strand Lumber 1.35E 2-inch X 6-inch X 8 feet,https://www.homedepot.ca/product/hdg-laminated-strand-lumber-1-35e-2-inch-x-6-inch-x-8-feet/1001897216,1001897216,LSL26PR,$$25.98,/ each,https://images.homedepot.ca/productimages/p_1001897216.jpg?product-images=m,2026-01-07 11:15:49.639263
Home Depot Canada,Sheathing Plywood,1/2-inch x 4 ft. x 8 ft. Standard Spruce Plywood Board,https://www.homedepot.ca/product/1000173236,1000173236,173236,$$40.98,/ each,https://images.homedepot.ca/productimages/p_1000173236.jpg?product-images=m,2026-01-07 11:16:10.397685
Home Depot Canada,Sheathing Plywood,3/8 inch 4 ftx8 ft Standard Spruce Plywood,https://www.homedepot.ca/product/1000173237,1000173237,173237,$$30.98,/ each,https://images.homedepot.ca/productimages/p_1000173237.jpg?product-images=m,2026-01-07 11:16:10.520685
Home Depot Canada,Sheathing Plywood,3/4 inch 4 ftx8 ft Standard Spruce Plywood,https://www.homedepot.ca/product/1000401027,1000401027,401027,$$63.98,/ each,https://images.homedepot.ca/productimages/p_1000401027.jpg?product-images=m,2026-01-07 11:16:10.630684
Home Depot Canada,Sheathing Plywood,5/8 inch 4 ftx8 ft Standard Spruce Plywood,https://www.homedepot.ca/product/1000173235,1000173235,173235,$$52.98,/ each,https://images.homedepot.ca/productimages/p_1000173235.jpg?product-images=m,2026-01-07 11:16:10.740835
Home Depot Canada,Sheathing Plywood,1/2-inch x 24-inch x 48-inch Spruce Handy Panel,https://www.homedepot.ca/product/alexandria-moulding-1-2-inch-x-24-inch-x-48-inch-spruce-handy-panel/1000148915,1000148915,PY002-PY048CSP,$$17.51,/ each,https://images.homedepot.ca/productimages/p_1000148915.jpg?product-images=m,2026-01-07 11:16:10.858083
Home Depot Canada,Sheathing Plywood,3/4 inch 4 ft. x8 ft. Standard Spruce Plywood Tongue & Groove,https://www.homedepot.ca/product/1000404057,1000404057,404057,$$63.98,/ each,https://images.homedepot.ca/productimages/p_1000404057.jpg?product-images=m,2026-01-07 11:16:10.975642
Home Depot Canada,Sheathing Plywood,3/4-inch x 2 ft. x 4 ft. Spruce Handy Panel,https://www.homedepot.ca/product/alexandria-moulding-3-4-inch-x-2-ft-x-4-ft-spruce-handy-panel/1000148919,1000148919,PY003-PY048CSP,$$26.98,/ each,https://images.homedepot.ca/productimages/p_1000148919.jpg?product-images=m,2026-01-07 11:16:11.085845
Home Depot Canada,Sheathing Plywood,"1/2"" - 4' x 8' Pressure Treated Plywood",https://www.homedepot.ca/product/micropro-sienna-1-2-4-x-8-pressure-treated-plywood/1000794018,1000794018,10010001,$$60.45,/ each,https://images.homedepot.ca/productimages/p_1000794018.jpg?product-images=m,2026-01-07 11:16:11.194255
Home Depot Canada,Sheathing Plywood,5/8 Inch x 2 Feet x 4 Feet Standard Grade Spruce Plywood Handy Panel,https://www.homedepot.ca/product/alexandria-moulding-5-8-inch-x-2-feet-x-4-feet-standard-grade-spruce-plywood-handy-panel/1000173212,1000173212,PY013-PY048CSP,$$24.48,/ each,https://images.homedepot.ca/productimages/p_1000173212.jpg?product-images=m,2026-01-07 11:16:11.319745
Home Depot Canada,Sheathing Plywood,5/8 inch 4 ftx8 ft Standard Spruce Plywood Tongue & Groove,https://www.homedepot.ca/product/1000119880,1000119880,119880,$$52.98,/ each,https://images.homedepot.ca/productimages/p_1000119880.jpg?product-images=m,2026-01-07 11:16:11.428658
Home Depot Canada,Sheathing Plywood,"5/8"" - 4' x 8' Pressure Treated Plywood",https://www.homedepot.ca/product/micropro-sienna-5-8-4-x-8-pressure-treated-plywood/1000794017,1000794017,10010003,$$76.98,/ each,https://images.homedepot.ca/productimages/p_1000794017.jpg?product-images=m,2026-01-07 11:16:11.553643
Home Depot Canada,Sheathing Plywood,1/2-inch x 48-inch x 48-inch Spruce Handy Panel,https://www.homedepot.ca/product/alexandria-moulding-1-2-inch-x-48-inch-x-48-inch-spruce-handy-panel/1000148917,1000148917,PY005-PY048CSP,$$31.11,/ each,https://images.homedepot.ca/productimages/p_1000148917.jpg?product-images=m,2026-01-07 11:16:11.680174
Home Depot Canada,Sheathing Plywood,"3/4"" - 4' x 8' Pressure Treated Plywood",https://www.homedepot.ca/product/micropro-sienna-3-4-4-x-8-pressure-treated-plywood/1000829228,1000829228,10010002,$$89.98,/ each,https://images.homedepot.ca/productimages/p_1000829228.jpg?product-images=m,2026-01-07 11:16:11.794518
Home Depot Canada,Sheathing Plywood,5/8 inch 4 ft. x 8 ft. Select Fir Plywood Tongue & Groove,https://www.homedepot.ca/product/1000410037,1000410037,410037,$$57.98,/ each,https://images.homedepot.ca/productimages/p_1000410037.jpg?product-images=m,2026-01-07 11:16:11.909541
Home Depot Canada,Sheathing Plywood,3/4 inch 4 ftx8 ft Standard Spruce Plywood Tongue & Groove,https://www.homedepot.ca/product/1000183626,1000183626,183626,$$65.00,/ each,https://images.homedepot.ca/productimages/p_1000183626.jpg?product-images=m,2026-01-07 11:16:12.020488
Home Depot Canada,Sheathing Plywood,5/8 inch 4 ftx8 ft Standard Fir Plywood Tongue & Groove,https://www.homedepot.ca/product/1000173233,1000173233,173233,$$55.00,/ each,https://images.homedepot.ca/productimages/p_1000173233.jpg?product-images=m,2026-01-07 11:16:12.135093
Home Depot Canada, OSB,4-foot x 8-foot x 7/16 inch Oriented Strand Board,https://www.homedepot.ca/product/1000108771,1000108771,108771,$$13.48,/ each,https://images.homedepot.ca/productimages/p_1000108771.jpg?product-images=m,2026-01-07 11:16:26.956087
Home Depot Canada, OSB,3/4 4x8 Oriented Strand Board Tongue and Groove 23/32,https://www.homedepot.ca/product/1000427607,1000427607,427607,$$27.98,/ each,https://images.homedepot.ca/productimages/p_1000427607.jpg?product-images=m,2026-01-07 11:16:27.061087
Home Depot Canada, OSB,5/8 4x8 Oriented Strand Board Tongue and Groove 19/32,https://www.homedepot.ca/product/1000108772,1000108772,108772,$$22.98,/ each,https://images.homedepot.ca/productimages/p_1000108772.jpg?product-images=m,2026-01-07 11:16:27.164087
Home Depot Canada, OSB,1/4 4x8 Oriented Strand Board,https://www.homedepot.ca/product/1000108770,1000108770,11568,$$10.98,/ each,https://images.homedepot.ca/productimages/p_1000108770.jpg?product-images=m,2026-01-07 11:16:27.266085
Home Depot Canada, OSB,3/4-inch X 4 ft. X 8 ft. Durastrand Oriented Strand Board,https://www.homedepot.ca/product/durastrand-3-4-inch-x-4-ft-x-8-ft-durastrand-oriented-strand-board/1001883663,1001883663,1362727,$$29.68,/ each,https://images.homedepot.ca/productimages/p_1001883663.jpg?product-images=m,2026-01-07 11:16:27.360086
Home Depot Canada, OSB,1/4-inch x 24-inch x 48-inch OSB Handy Panel,https://www.homedepot.ca/product/alexandria-moulding-1-4-inch-x-24-inch-x-48-inch-osb-handy-panel/1000148921,1000148921,SB001-SB048C,$$9.48,/ each,https://images.homedepot.ca/productimages/p_1000148921.jpg?product-images=m,2026-01-07 11:16:27.450087
Home Depot Canada, OSB,7/16-inch x 24-inch x 48-inch OSB Handy Panel,https://www.homedepot.ca/product/alexandria-moulding-7-16-inch-x-24-inch-x-48-inch-osb-handy-panel/1000148923,1000148923,SB002-SB048C,$$10.48,/ each,https://images.homedepot.ca/productimages/p_1000148923.jpg?product-images=m,2026-01-07 11:16:27.540088
Home Depot Canada, OSB,3/8 4X8 OSB Sheathing,https://www.homedepot.ca/product/1000172334,1000172334,172334,$$20.00,/ each,https://images.homedepot.ca/productimages/p_1000172334.jpg?product-images=m,2026-01-07 11:16:27.635087
Home Depot Canada,Pressure Treated,2 x 4 x 8' Pressure Treated Wood (Above Ground Use Only),https://www.homedepot.ca/product/micropro-sienna-2-x-4-x-8-pressure-treated-wood-above-ground-use-only-/1000789777,1000789777,10010029,$$7.83,/ each,https://images.homedepot.ca/productimages/p_1000789777.jpg?product-images=m,2026-01-07 11:16:48.323371
Home Depot Canada,Pressure Treated,4 x 4 x 8' Pressure Treated Wood Post (Suitable for Ground Contact),https://www.homedepot.ca/product/micropro-sienna-4-x-4-x-8-pressure-treated-wood-post-suitable-for-ground-contact-/1000790178,1000790178,10010079,$$17.27,/ each,https://images.homedepot.ca/productimages/p_1000790178.jpg?product-images=m,2026-01-07 11:16:48.468146
Home Depot Canada,Pressure Treated,2 x 6 x 8' Pressure Treated Wood (Above Ground Use Only),https://www.homedepot.ca/product/micropro-sienna-2-x-6-x-8-pressure-treated-wood-above-ground-use-only-/1000790084,1000790084,10010036,$$13.45,/ each,https://images.homedepot.ca/productimages/p_1000790084.jpg?product-images=m,2026-01-07 11:16:48.601050
Home Depot Canada,Pressure Treated,1 x 6 x 6' Pressure Treated Wood Fence Board (Above Ground Use Only),https://www.homedepot.ca/product/micropro-sienna-1-x-6-x-6-pressure-treated-wood-fence-board-above-ground-use-only-/1000790632,1000790632,10010017,$$4.86,/ each,https://images.homedepot.ca/productimages/p_1000790632.jpg?product-images=m,2026-01-07 11:16:48.738777
Home Depot Canada,Pressure Treated,4 x 4 x 10' Pressure Treated Wood Post (Suitable for Ground Contact),https://www.homedepot.ca/product/micropro-sienna-4-x-4-x-10-pressure-treated-wood-post-suitable-for-ground-contact-/1000790080,1000790080,10010080,$$21.17,/ each,https://images.homedepot.ca/productimages/p_1000790080.jpg?product-images=m,2026-01-07 11:16:48.939641
Home Depot Canada,Pressure Treated,4 x 4 x 12' Pressure Treated Wood Post (Suitable for Ground Contact),https://www.homedepot.ca/product/micropro-sienna-4-x-4-x-12-pressure-treated-wood-post-suitable-for-ground-contact-/1000790394,1000790394,10010081,$$25.90,/ each,https://images.homedepot.ca/productimages/p_1000790394.jpg?product-images=m,2026-01-07 11:16:49.071491
Home Depot Canada,Pressure Treated,1 x 6 x 8' Pressure Treated Wood Fence Board (Above Ground Use Only),https://www.homedepot.ca/product/micropro-sienna-1-x-6-x-8-pressure-treated-wood-fence-board-above-ground-use-only-/1000790631,1000790631,10010018,$$6.48,/ each,https://images.homedepot.ca/productimages/p_1000790631.jpg?product-images=m,2026-01-07 11:16:49.203257
Home Depot Canada,Pressure Treated,2x4x10 MicroPro Sienna Treated Wood (Above Ground Use Only),https://www.homedepot.ca/product/micropro-sienna-2x4x10-micropro-sienna-treated-wood-above-ground-use-only-/1000789776,1000789776,10010030,$$9.79,/ each,https://images.homedepot.ca/productimages/p_1000789776.jpg?product-images=m,2026-01-07 11:16:49.335839
Home Depot Canada,Pressure Treated,2 x 6 x 12' Pressure Treated Wood (Above Ground Use Only),https://www.homedepot.ca/product/micropro-sienna-2-x-6-x-12-pressure-treated-wood-above-ground-use-only-/1000790082,1000790082,10010044,$$20.16,/ each,https://images.homedepot.ca/productimages/p_1000790082.jpg?product-images=m,2026-01-07 11:16:49.459990
Home Depot Canada,Pressure Treated,2 x 4 x 12' Pressure Treated Wood (Above Ground Use Only),https://www.homedepot.ca/product/micropro-sienna-2-x-4-x-12-pressure-treated-wood-above-ground-use-only-/1000789775,1000789775,10010031,$$11.75,/ each,https://images.homedepot.ca/productimages/p_1000789775.jpg?product-images=m,2026-01-07 11:16:49.584930
Home Depot Canada,Pressure Treated,5/4 x 6 x 8' Pressure Treated Wood Decking (Above Ground Use Only),https://www.homedepot.ca/product/micropro-sienna-5-4-x-6-x-8-pressure-treated-wood-decking-above-ground-use-only-/1000680745,1000680745,10010093,$$9.81,/ each,https://images.homedepot.ca/productimages/p_1000680745.jpg?product-images=m,2026-01-07 11:16:49.710216
Home Depot Canada,Pressure Treated,2 x 2 x 8' Pressure Treated Wood (Above Ground Use Only),https://www.homedepot.ca/product/micropro-sienna-2-x-2-x-8-pressure-treated-wood-above-ground-use-only-/1000791632,1000791632,10010025,$$5.11,/ each,https://images.homedepot.ca/productimages/p_1000791632.jpg?product-images=m,2026-01-07 11:16:49.862675
Home Depot Canada,Pressure Treated,2 x 6 x 10' Pressure Treated Wood (Above Ground Use Only),https://www.homedepot.ca/product/micropro-sienna-2-x-6-x-10-pressure-treated-wood-above-ground-use-only-/1000789781,1000789781,10010040,$$16.80,/ each,https://images.homedepot.ca/productimages/p_1000789781.jpg?product-images=m,2026-01-07 11:16:49.987528
Home Depot Canada,Pressure Treated,2 x 8 x 8' Pressure Treated Wood (Above Ground Use Only),https://www.homedepot.ca/product/micropro-sienna-2-x-8-x-8-pressure-treated-wood-above-ground-use-only-/1000790210,1000790210,10010054,$$18.70,/ each,https://images.homedepot.ca/productimages/p_1000790210.jpg?product-images=m,2026-01-07 11:16:50.112130
Home Depot Canada,Pressure Treated,"1 x 1 x 48"" Pressure Treated Wood Nailing Strip",https://www.homedepot.ca/product/micropro-sienna-1-x-1-x-48-pressure-treated-wood-nailing-strip/1000791633,1000791633,10010156,$$1.66,/ each,https://images.homedepot.ca/productimages/p_1000791633.jpg?product-images=m,2026-01-07 11:16:50.242701
Home Depot Canada,Pressure Treated,6 x 6 x 8' Pressure Treated Wood Post (Suitable for Ground Contact),https://www.homedepot.ca/product/micropro-sienna-6-x-6-x-8-pressure-treated-wood-post-suitable-for-ground-contact-/1000790735,1000790735,10010103,$$44.00,/ each,https://images.homedepot.ca/productimages/p_1000790735.jpg?product-images=m,2026-01-07 11:16:50.375971
Home Depot Canada,Pressure Treated,2 x 8 x 12' Pressure Treated Wood (Above Ground Use Only),https://www.homedepot.ca/product/micropro-sienna-2-x-8-x-12-pressure-treated-wood-above-ground-use-only-/1000790208,1000790208,10010056,$$28.05,/ each,https://images.homedepot.ca/productimages/p_1000790208.jpg?product-images=m,2026-01-07 11:16:50.500533
Home Depot Canada,Pressure Treated,6 x 6 x 10' Pressure Treated Wood Post (Suitable for Ground Contact),https://www.homedepot.ca/product/micropro-sienna-6-x-6-x-10-pressure-treated-wood-post-suitable-for-ground-contact-/1000790734,1000790734,10010104,$$55.00,/ each,https://images.homedepot.ca/productimages/p_1000790734.jpg?product-images=m,2026-01-07 11:16:50.634348
Home Depot Canada,Pressure Treated,1 x 6 x 5' Pressure Treated Wood Fence Board (Above Ground Use Only),https://www.homedepot.ca/product/micropro-sienna-1-x-6-x-5-pressure-treated-wood-fence-board-above-ground-use-only-/1000790633,1000790633,10010016,$$4.04,/ each,https://images.homedepot.ca/productimages/p_1000790633.jpg?product-images=m,2026-01-07 11:16:50.764341
Home Depot Canada,Pressure Treated,6 x 6 x 12' Pressure Treated Wood Post (Suitable for Ground Contact),https://www.homedepot.ca/product/micropro-sienna-6-x-6-x-12-pressure-treated-wood-post-suitable-for-ground-contact-/1000790733,1000790733,10010105,$$66.00,/ each,https://images.homedepot.ca/productimages/p_1000790733.jpg?product-images=m,2026-01-07 11:16:50.888942
Home Depot Canada,Pressure Treated,1 x 4 x 8' Pressure Treated Wood (Above Ground Use Only),https://www.homedepot.ca/product/micropro-sienna-1-x-4-x-8-pressure-treated-wood-above-ground-use-only-/1000827385,1000827385,10010014,$$5.34,/ each,https://images.homedepot.ca/productimages/p_1000827385.jpg?product-images=m,2026-01-07 11:16:51.021254
Home Depot Canada,Pressure Treated,2 x 12 x 12' Pressure Treated Wood (Above Ground Use Only),https://www.homedepot.ca/product/micropro-sienna-2-x-12-x-12-pressure-treated-wood-above-ground-use-only-/1000790393,1000790393,10010072,$$51.69,/ each,https://images.homedepot.ca/productimages/p_1000790393.jpg?product-images=m,2026-01-07 11:16:51.152105
Home Depot Canada,Pressure Treated,2 x 6 x 16' Pressure Treated Wood (Above Ground Use Only),https://www.homedepot.ca/product/micropro-sienna-2-x-6-x-16-pressure-treated-wood-above-ground-use-only-/1000790085,1000790085,10010049,$$26.88,/ each,https://images.homedepot.ca/productimages/p_1000790085.jpg?product-images=m,2026-01-07 11:16:51.270818
Home Depot Canada,Pressure Treated,2 x 10 x 10' Pressure Treated Wood (Above Ground Use Only),https://www.homedepot.ca/product/micropro-sienna-2-x-10-x-10-pressure-treated-wood-above-ground-use-only-/1000790720,1000790720,10010063,$$31.26,/ each,https://images.homedepot.ca/productimages/p_1000790720.jpg?product-images=m,2026-01-07 11:16:51.403607
Home Depot Canada,Pressure Treated,2 x 8 x 16' Pressure Treated Wood (Above Ground Use Only),https://www.homedepot.ca/product/micropro-sienna-2-x-8-x-16-pressure-treated-wood-above-ground-use-only-/1000790206,1000790206,10010058,$$37.41,/ each,https://images.homedepot.ca/productimages/p_1000790206.jpg?product-images=m,2026-01-07 11:16:51.527401
Home Depot Canada,Pressure Treated,2 x 12 x 8' Pressure Treated Wood (Above Ground Use Only),https://www.homedepot.ca/product/micropro-sienna-2-x-12-x-8-pressure-treated-wood-above-ground-use-only-/1001208107,1001208107,10010070,$$34.46,/ each,https://images.homedepot.ca/productimages/p_1001208107.jpg?product-images=m,2026-01-07 11:16:51.659080
Home Depot Canada,Pressure Treated,2 x 4 x 16' Pressure Treated Wood (Above Ground Use Only),https://www.homedepot.ca/product/micropro-sienna-2-x-4-x-16-pressure-treated-wood-above-ground-use-only-/1000789774,1000789774,10010033,$$15.66,/ each,https://images.homedepot.ca/productimages/p_1000789774.jpg?product-images=m,2026-01-07 11:16:51.783997
Home Depot Canada,Pressure Treated,5/4 x 6 x 10' Pressure Treated Wood Decking (Above Ground Use Only),https://www.homedepot.ca/product/micropro-sienna-5-4-x-6-x-10-pressure-treated-wood-decking-above-ground-use-only-/1000680741,1000680741,10010095,$$12.26,/ each,https://images.homedepot.ca/productimages/p_1000680741.jpg?product-images=m,2026-01-07 11:16:51.909296
Home Depot Canada,Pressure Treated,5/4 x 6 x 16' Pressure Treated Wood Decking (Above Ground Use Only),https://www.homedepot.ca/product/micropro-sienna-5-4-x-6-x-16-pressure-treated-wood-decking-above-ground-use-only-/1000680731,1000680731,10010101,$$19.60,/ each,https://images.homedepot.ca/productimages/p_1000680731.jpg?product-images=m,2026-01-07 11:16:52.040405
Home Depot Canada,Pressure Treated,2 x 10 x 8' Pressure Treated Wood (Above Ground Use Only),https://www.homedepot.ca/product/micropro-sienna-2-x-10-x-8-pressure-treated-wood-above-ground-use-only-/1000790721,1000790721,10010062,$$25.01,/ each,https://images.homedepot.ca/productimages/p_1000790721.jpg?product-images=m,2026-01-07 11:16:52.186294
Home Depot Canada,Pressure Treated,5/4 x 6 x 12' Pressure Treated Wood Decking (Above Ground Use Only),https://www.homedepot.ca/product/micropro-sienna-5-4-x-6-x-12-pressure-treated-wood-decking-above-ground-use-only-/1000680736,1000680736,10010097,$$14.70,/ each,https://images.homedepot.ca/productimages/p_1000680736.jpg?product-images=m,2026-01-07 11:16:52.311392
Home Depot Canada,Pressure Treated,8' Pressure Treated Wood Mini Tie,https://www.homedepot.ca/product/micropro-sienna-8-pressure-treated-wood-mini-tie/1000680917,1000680917,10010012,$$11.31,/ each,https://images.homedepot.ca/productimages/p_1000680917.jpg?product-images=m,2026-01-07 11:16:52.436049
Home Depot Canada,Pressure Treated,2 x 8 x 10' Pressure Treated Wood (Above Ground Use Only),https://www.homedepot.ca/product/micropro-sienna-2-x-8-x-10-pressure-treated-wood-above-ground-use-only-/1000790209,1000790209,10010055,$$23.38,/ each,https://images.homedepot.ca/productimages/p_1000790209.jpg?product-images=m,2026-01-07 11:16:52.562044
Home Depot Canada,Pressure Treated,2 x 10 x 12' Pressure Treated Wood (Above Ground Use Only),https://www.homedepot.ca/product/micropro-sienna-2-x-10-x-12-pressure-treated-wood-above-ground-use-only-/1000790719,1000790719,10010064,$$37.52,/ each,https://images.homedepot.ca/productimages/p_1000790719.jpg?product-images=m,2026-01-07 11:16:52.686101
Home Depot Canada,Pressure Treated,6 x 6 x 16' Pressure Treated Wood Post (Suitable for Ground Contact),https://www.homedepot.ca/product/micropro-sienna-6-x-6-x-16-pressure-treated-wood-post-suitable-for-ground-contact-/1000790732,1000790732,10010107,$$88.00,/ each,https://images.homedepot.ca/productimages/p_1000790732.jpg?product-images=m,2026-01-07 11:16:52.816522
Home Depot Canada,Pressure Treated,1 x 8 x 8' Pressure Treated Wood (Above Ground Use Only),https://www.homedepot.ca/product/micropro-sienna-1-x-8-x-8-pressure-treated-wood-above-ground-use-only-/1001385676,1001385676,10010023,$$10.37,/ each,https://images.homedepot.ca/productimages/p_1001385676.jpg?product-images=m,2026-01-07 11:16:52.942789
Home Depot Canada,Pressure Treated,2 x 4 x 8' Grooved Pressure Treated Wood (Above Ground Use Only),https://www.homedepot.ca/product/micropro-sienna-2-x-4-x-8-grooved-pressure-treated-wood-above-ground-use-only-/1000793822,1000793822,10010028,$$11.98,/ each,https://images.homedepot.ca/productimages/p_1000793822.jpg?product-images=m,2026-01-07 11:16:53.075474
Home Depot Canada,Pressure Treated,5 x 5 x 10' Pressure Treated Wood Post (Suitable for Ground Contact),https://www.homedepot.ca/product/micropro-sienna-5-x-5-x-10-pressure-treated-wood-post-suitable-for-ground-contact-/1000830343,1000830343,10039738,$$35.77,/ each,https://images.homedepot.ca/productimages/p_1000830343.jpg?product-images=m,2026-01-07 11:16:53.199238
Home Depot Canada,Pressure Treated,2 x 10 x 16' Pressure Treated Wood (Above Ground Use Only),https://www.homedepot.ca/product/micropro-sienna-2-x-10-x-16-pressure-treated-wood-above-ground-use-only-/1000790718,1000790718,10010066,$$50.02,/ each,https://images.homedepot.ca/productimages/p_1000790718.jpg?product-images=m,2026-01-07 11:16:53.331812
Home Depot Canada,Pressure Treated,1 x 6 x 7-feet Pressure Treated Wood Fence Board (Above Ground Use Only),https://www.homedepot.ca/product/micropro-sienna-1-x-6-x-7-feet-pressure-treated-wood-fence-board-above-ground-use-only-/1001926326,1001926326,10037500,$$5.52,/ each,https://images.homedepot.ca/productimages/p_1001926326.jpg?product-images=m,2026-01-07 11:16:53.455982
Home Depot Canada,Pressure Treated,"4"" x 6"" x 8' Pressure Treated Wood - Rough (Suitable for Ground Contact)",https://www.homedepot.ca/product/micropro-sienna-4-x-6-x-8-pressure-treated-wood-rough-suitable-for-ground-contact-/1001088309,1001088309,10010084,$$51.00,/ each,https://images.homedepot.ca/productimages/p_1001088309.jpg?product-images=m,2026-01-07 11:17:03.531461
Home Depot Canada,Pressure Treated,"4"" x 6"" x 10' Pressure Treated Wood - Rough (Suitable for Ground Contact)",https://www.homedepot.ca/product/micropro-sienna-4-x-6-x-10-pressure-treated-wood-rough-suitable-for-ground-contact-/1001088308,1001088308,10010085,$$51.00,/ each,https://images.homedepot.ca/productimages/p_1001088308.jpg?product-images=m,2026-01-07 11:17:03.645461
Home Depot Canada,Pressure Treated,"4"" x 6"" x 12' Pressure Treated Wood - Rough (Suitable for Ground Contact)",https://www.homedepot.ca/product/micropro-sienna-4-x-6-x-12-pressure-treated-wood-rough-suitable-for-ground-contact-/1001088307,1001088307,10010086,$$41.63,/ each,https://images.homedepot.ca/productimages/p_1001088307.jpg?product-images=m,2026-01-07 11:17:03.752460
Home Depot Canada,Pressure Treated,4 x 4 x 9' Pressure Treated Wood (Suitable for Ground Contact),https://www.homedepot.ca/product/micropro-sienna-4-x-4-x-9-pressure-treated-wood-suitable-for-ground-contact-/1001088311,1001088311,10021511,$$51.00,/ each,https://images.homedepot.ca/productimages/p_1001088311.jpg?product-images=m,2026-01-07 11:17:03.864460
Home Depot Canada,Pressure Treated,2 x 12 x 16' Pressure Treated Wood (Above Ground Use Only),https://www.homedepot.ca/product/micropro-sienna-2-x-12-x-16-pressure-treated-wood-above-ground-use-only-/1001129860,1001129860,10010074,$$67.57,/ each,https://images.homedepot.ca/productimages/p_1001129860.jpg?product-images=m,2026-01-07 11:17:03.978460
Home Depot Canada,Pressure Treated,1 x 6 x 6' Premium Kiln Dried Fence Board,https://www.homedepot.ca/product/micropro-sienna-1-x-6-x-6-premium-kiln-dried-fence-board/1001858650,1001858650,10043238,$$5.70,/ each,https://images.homedepot.ca/productimages/p_1001858650.jpg?product-images=m,2026-01-07 11:17:04.086461
Home Depot Canada,Pressure Treated,5/4 x 6 x 14' Pressure Treated Wood Decking (Above Ground Use Only),https://www.homedepot.ca/product/micropro-sienna-5-4-x-6-x-14-pressure-treated-wood-decking-above-ground-use-only-/1000680732,1000680732,10010099,$$17.15,/ each,https://images.homedepot.ca/productimages/p_1000680732.jpg?product-images=m,2026-01-07 11:17:04.183461
