vendor,category,name,sku,price,unit,url,image,scrape_date
Clarington Home Hardware,Lumber,Pine 1x4,2826899,$2.19,/foot,https://claringtonhomehardware.com/p/pine-1x4/2826899,https://ik.imagekit.io/toolbx/p_1693540927261_33eaa25c-2327-49e3-a350-bf94723459d4_2826899.jpg,2026-01-07 10:32:03.180959
Clarington Home Hardware,Lumber,Spruce 2x2x8,2833501,$4.19,/each,https://claringtonhomehardware.com/p/spruce-2x2x8/2833501,https://ik.imagekit.io/toolbx/p_1693541572189_8c30a3a1-547e-4b55-8762-f7d2c39eb980_2833501.jpg,2026-01-07 10:32:03.238021
Clarington Home Hardware,Lumber,PT 5/4x6x12,2835942,$13.07,/each,https://claringtonhomehardware.com/p/pt-54x6x12/2835942,https://ik.imagekit.io/toolbx/p_1693541228589_c7b482f2-1ffd-4aef-b724-9c97aecc5bb4_2835942.jpg,2026-01-07 10:32:03.298780
Clarington Home Hardware,Lumber,PT 6x6x14,2835996,$72.97,/each,https://claringtonhomehardware.com/p/pt-6x6x14/2835996,https://ik.imagekit.io/toolbx/p_1693541253340_59698db0-51de-465a-a7b1-d1d9858c5eeb_2835996.jpg,2026-01-07 10:32:03.357507
Clarington Home Hardware,Lumber,PT 1x4x8,2835949,$5.97,/each,https://claringtonhomehardware.com/p/pt-1x4x8/2835949,https://ik.imagekit.io/toolbx/p_1693540932158_a0a61a8a-0d5d-495c-8fbb-f64a35188c6d_2835949.jpg,2026-01-07 10:32:03.415488
Clarington Home Hardware,Lumber,Pine 1x6x6,2826850,$7.54,/each,https://claringtonhomehardware.com/p/pine-1x6x6/2826850,https://ik.imagekit.io/toolbx/p_1693540974662_54adc306-fd9d-40ce-95cd-fb1e3d1afc88_2826850.jpg,2026-01-07 10:32:03.471914
Clarington Home Hardware,Lumber,Spruce 2x4x116-5/8,2833536,$7.25,/each,https://claringtonhomehardware.com/p/spruce-2x4x116-58/2833536,https://ik.imagekit.io/toolbx/p_1693541591773_9b2f481a-01c4-4038-9b42-ba89c1522697_2833536.jpg,2026-01-07 10:32:03.530763
Clarington Home Hardware,Lumber,LVL 11-7/8x10',1178LVL10,$111.85,/each,https://claringtonhomehardware.com/p/lvl-11-78x10/1178LVL10,https://ik.imagekit.io/toolbx/src-img/158706539262,2026-01-07 10:32:03.591850
Clarington Home Hardware,Lumber,Spruce 2x4x10,2832429,$6.90,/each,https://claringtonhomehardware.com/p/spruce-2x4x10/2832429,https://ik.imagekit.io/toolbx/p_1693541601798_41a0c7af-af24-419a-801b-f4a86551b567_2832429.jpg,2026-01-07 10:32:03.653384
Clarington Home Hardware,Lumber,PT 2x10x12,2835980,$37.44,/each,https://claringtonhomehardware.com/p/pt-2x10x12/2835980,https://ik.imagekit.io/toolbx/p_1693541021159_90bb36f8-5932-40f8-b913-2396b2a2663f_2835980.jpg,2026-01-07 10:32:03.714338
Clarington Home Hardware,Lumber,LVL 11-7/8x24',1178LVL24,$268.43,/each,https://claringtonhomehardware.com/p/lvl-11-78x24/1178LVL24,https://ik.imagekit.io/toolbx/src-img/158706539262,2026-01-07 10:32:03.775271
Clarington Home Hardware,Lumber,Spruce 2x12x14,2832501,$56.71,/each,https://claringtonhomehardware.com/p/spruce-2x12x14/2832501,https://ik.imagekit.io/toolbx/p_1693541538752_505db67e-58f6-42ca-8430-7ba32128aa58_2832501.jpg,2026-01-07 10:32:03.837085
Clarington Home Hardware,Lumber,PT 2x4x14,2836004,$13.25,/each,https://claringtonhomehardware.com/p/pt-2x4x14/2836004,https://ik.imagekit.io/toolbx/p_1693541089956_dd0ac501-ab4e-4bdc-a81f-a4acb453b5fe_2836004.jpg,2026-01-07 10:32:03.899480
Clarington Home Hardware,Lumber,PT 2x4x16,2836005,$14.95,/each,https://claringtonhomehardware.com/p/pt-2x4x16/2836005,https://ik.imagekit.io/toolbx/p_1693541090668_7bd07009-0a56-433a-9ead-b54608d001b5_2836005.jpg,2026-01-07 10:32:03.962834
Clarington Home Hardware,Lumber,Spruce 1x3x8,2833323,$2.98,/each,https://claringtonhomehardware.com/p/spruce-1x3x8/2833323,https://ik.imagekit.io/toolbx/p_1693541467438_990bbcd3-8a7d-4691-96ca-3e01cacbf282_2833323.jpg,2026-01-07 10:32:04.025034
Clarington Home Hardware,Lumber,PT 5/4x6x14,2835943,$15.25,/each,https://claringtonhomehardware.com/p/pt-54x6x14/2835943,https://ik.imagekit.io/toolbx/p_1693541233416_1a95a20a-bc81-49b9-b33e-d0bef9c28fea_2835943.jpg,2026-01-07 10:32:04.088453
Clarington Home Hardware,Lumber,Cedar 1x6x6,166CV,$5.99,/each,https://claringtonhomehardware.com/p/cedar-1x6x6/166CV,https://ik.imagekit.io/toolbx/p_1693540937050_a35ba470-ac48-41a8-b372-a0511ba4511b_166CV.jpg,2026-01-07 10:32:04.151973
Clarington Home Hardware,Lumber,Spruce 2x10x20,2832489,$54.73,/each,https://claringtonhomehardware.com/p/spruce-2x10x20/2832489,https://ik.imagekit.io/toolbx/p_1693541514945_6e49f48b-eee1-4242-873f-8a110ff901ff_2832489.jpg,2026-01-07 10:32:04.214989
Clarington Home Hardware,Lumber,PT 2x8x8,2835973,$18.90,/each,https://claringtonhomehardware.com/p/pt-2x8x8/2835973,https://ik.imagekit.io/toolbx/p_1693541141934_b6ec8527-c0ad-48cd-bf34-45c3733397e1_2835973.jpg,2026-01-07 10:32:04.278930
Clarington Home Hardware,Lumber,Spruce 2x6x16,2832449,$20.48,/each,https://claringtonhomehardware.com/p/spruce-2x6x16/2832449,https://ik.imagekit.io/toolbx/p_1693541640928_57650ddc-7b9e-463d-98b4-6f7b9142e9ea_2832449.jpg,2026-01-07 10:32:04.343151
Clarington Home Hardware,Lumber,PT 2x10x16,2835982,$50.99,/each,https://claringtonhomehardware.com/p/pt-2x10x16/2835982,https://ik.imagekit.io/toolbx/p_1693541029811_4d3d3160-aa44-4313-8c7b-fd1d53fd3a4f_2835982.jpg,2026-01-07 10:32:04.403505
Clarington Home Hardware,Lumber,Cedar 2x4x12,2805443,$22.98,/each,https://claringtonhomehardware.com/p/cedar-2x4x12/2805443,https://ik.imagekit.io/toolbx/p_1693541071339_3c6e02c9-60ed-4599-b889-b254d74ecf11_2805443.jpg,2026-01-07 10:32:04.458989
Clarington Home Hardware,Lumber,PT 4x4x8,2835988,$16.80,/each,https://claringtonhomehardware.com/p/pt-4x4x8/2835988,https://ik.imagekit.io/toolbx/p_1693541176367_02f5c048-2214-4b0d-90d5-799230ba58a8_2835988.jpg,2026-01-07 10:32:04.517091
Clarington Home Hardware,Lumber,Spruce 1x4x12,2833341,$6.96,/each,https://claringtonhomehardware.com/p/spruce-1x4x12/2833341,https://ik.imagekit.io/toolbx/p_1693541481266_442346be-0d5c-4aa5-b368-d60856a7b0f6_2833341.jpg,2026-01-07 10:32:04.573086
Clarington Home Hardware,Lumber,PT 2x8x14,2835976,$33.08,/each,https://claringtonhomehardware.com/p/pt-2x8x14/2835976,https://ik.imagekit.io/toolbx/p_1693541156748_59f56619-feb2-46cf-9bdd-14c633fe0970_2835976.jpg,2026-01-07 10:32:04.630204
Clarington Home Hardware,Lumber,"LVL 9-1/2""x24'",912LVL24,$216.00,/each,https://claringtonhomehardware.com/p/lvl-9-12x24/912LVL24,https://ik.imagekit.io/toolbx/p_1693541415788_64c29d6c-5a1e-4cb7-afd6-b6fe4a5303bf_912LVL24.jpg,2026-01-07 10:32:04.687240
Clarington Home Hardware,Lumber,Pine 1x2x6,910007,$1.28,/each,https://claringtonhomehardware.com/p/pine-1x2x6/910007,https://ik.imagekit.io/toolbx/p_1693540912529_778eb223-f5cb-4db1-af26-d532c7ce4e8d_910007.jpg,2026-01-07 10:32:04.744674
Clarington Home Hardware,Lumber,Spruce 2x10x12,2832481,$26.55,/each,https://claringtonhomehardware.com/p/spruce-2x10x12/2832481,https://ik.imagekit.io/toolbx/p_1693541496738_fa6874a8-8237-4ea6-951e-b9873ae8aa7b_2832481.jpg,2026-01-07 10:32:04.845462
Clarington Home Hardware,Lumber,PT 6x6x12,2835995,$62.55,/each,https://claringtonhomehardware.com/p/pt-6x6x12/2835995,https://ik.imagekit.io/toolbx/p_1693541252368_0097f8d2-e421-43a5-8b4a-971bc3760e41_2835995.jpg,2026-01-07 10:32:04.903023
Clarington Home Hardware,Lumber,Spruce 1x6x16,2833359,$14.67,/each,https://claringtonhomehardware.com/p/spruce-1x6x16/2833359,https://ik.imagekit.io/toolbx/p_1693541487977_ee9c949f-91fc-422d-a63a-5faa2c2fd744_2833359.jpg,2026-01-07 10:32:04.960773
Clarington Home Hardware,Lumber,PT 2x10x14,2835981,$43.68,/each,https://claringtonhomehardware.com/p/pt-2x10x14/2835981,https://ik.imagekit.io/toolbx/p_1693541025243_074fe0e4-7b04-4fea-918f-d07b6096b2a2_2835981.jpg,2026-01-07 10:32:05.020926
Clarington Home Hardware,Lumber,PT 2x12x12,2835985,$52.50,/each,https://claringtonhomehardware.com/p/pt-2x12x12/2835985,https://ik.imagekit.io/toolbx/p_1693541043557_69f1bced-adb4-4b3a-a0a1-a3862e190068_2835985.jpg,2026-01-07 10:32:05.077676
Clarington Home Hardware,Lumber,Pine 1x12x14,2826867,$32.99,/each,https://claringtonhomehardware.com/p/pine-1x12x14/2826867,https://ik.imagekit.io/toolbx/p_1693540882283_eb94c504-fb92-4a5d-aea2-ddd678583e35_2826867.jpg,2026-01-07 10:32:05.173569
Clarington Home Hardware,Lumber,Cedar 1x6x8,16CV8,$28.99,/each,https://claringtonhomehardware.com/p/cedar-1x6x8/16CV8,https://ik.imagekit.io/toolbx/p_1693540950573_3b361847-9478-432f-a364-e19161b28816_16CV8.jpg,2026-01-07 10:32:05.231465
Clarington Home Hardware,Lumber,LVL 7-1/4x10',714LVL10,$73.85,/each,https://claringtonhomehardware.com/p/lvl-7-14x10/714LVL10,https://ik.imagekit.io/toolbx/p_1693541378674_3900af26-3d68-4f19-a349-a7187119287a_714LVL10.jpg,2026-01-07 10:32:05.291804
Clarington Home Hardware,Lumber,Cedar 1x6x6,2805347,$10.77,/each,https://claringtonhomehardware.com/p/cedar-1x6x6/2805347,https://ik.imagekit.io/toolbx/p_1693540955198_f208fe8c-29a0-4937-a94c-c678cf139689_2805347.jpg,2026-01-07 10:32:05.348455
Clarington Home Hardware,Lumber,Pine 1x10,2826917,$2.59,/foot,https://claringtonhomehardware.com/p/pine-1x10/2826917,https://ik.imagekit.io/toolbx/p_1693540880561_79ba4323-915f-4259-8554-3bc3cef7e672_2826917.jpg,2026-01-07 10:32:05.404782
Clarington Home Hardware,Lumber,Spruce 2x4x104-5/8,2833533,$5.27,/each,https://claringtonhomehardware.com/p/spruce-2x4x104-58/2833533,https://ik.imagekit.io/toolbx/p_1693541620987_02e779fa-1674-411f-8450-15a440f13ee4_2833533.jpg,2026-01-07 10:32:05.460274
Clarington Home Hardware,Lumber,PT 4x4x16,2835992,$33.60,/each,https://claringtonhomehardware.com/p/pt-4x4x16/2835992,https://ik.imagekit.io/toolbx/p_1693541194773_cbc98f66-9e33-4757-bd22-2bac0476a23a_2835992.jpg,2026-01-07 10:32:05.517259
Clarington Home Hardware,Lumber,Spruce 2x4x16,2832513,$11.04,/each,https://claringtonhomehardware.com/p/spruce-2x4x16/2832513,https://ik.imagekit.io/toolbx/p_1693541611358_14159824-c00c-4e59-9afd-2eea7e6f874b_2832513.jpg,2026-01-07 10:32:05.574220
Clarington Home Hardware,Lumber,"PT 42"" BALUSTER",2837621,$2.59,/each,https://claringtonhomehardware.com/p/pt-42-baluster/2837621,https://ik.imagekit.io/toolbx/p_1693541262155_5e513a51-24e5-44ef-893f-c7c2f21a51ce_2837621.jpg,2026-01-07 10:32:05.633658
Clarington Home Hardware,Lumber,Cedar 4x4x10,2805573,$59.99,/each,https://claringtonhomehardware.com/p/cedar-4x4x10/2805573,https://ik.imagekit.io/toolbx/p_1693541171618_a1613a61-f6e0-4d95-9da0-5f92bc5b128d_2805573.jpg,2026-01-07 10:32:05.689064
Clarington Home Hardware,Lumber,Pine 1x6,2826905,$2.21,/foot,https://claringtonhomehardware.com/p/pine-1x6/2826905,https://ik.imagekit.io/toolbx/p_1693540984002_015076f1-fd7f-47f0-912b-8845a2df207e_2826905.jpg,2026-01-07 10:32:05.745767
Clarington Home Hardware,Lumber,Cedar 1x6x8,168CVJ,$46.80,/each,https://claringtonhomehardware.com/p/cedar-1x6x8/168CVJ,https://ik.imagekit.io/toolbx/p_1693540941199_b559d5af-f119-4eb0-be5f-badcb96d5bb3_168CVJ.jpg,2026-01-07 10:32:05.804086
Clarington Home Hardware,Lumber,Cedar 2x4x10,2805437,$19.20,/each,https://claringtonhomehardware.com/p/cedar-2x4x10/2805437,https://ik.imagekit.io/toolbx/p_1693541066583_19959ec5-66d6-405d-86a5-c4431cdf8fab_2805437.jpg,2026-01-07 10:32:05.863015
Clarington Home Hardware,Lumber,Pine 1x12x16,2826868,$37.99,/each,https://claringtonhomehardware.com/p/pine-1x12x16/2826868,https://ik.imagekit.io/toolbx/p_1693540887268_096b8405-2329-47bb-a44c-2e6266e7e7d5_2826868.jpg,2026-01-07 10:32:05.919461
Clarington Home Hardware,Lumber,PT 1x6x10,2835958,$9.89,/each,https://claringtonhomehardware.com/p/pt-1x6x10/2835958,https://ik.imagekit.io/toolbx/p_1693541000889_8696519f-732e-45ac-ae6b-c5ba3b50e64e_2835958.jpg,2026-01-07 10:32:05.974782
Clarington Home Hardware,Lumber,PT 2x6x14,2836009,$21.99,/each,https://claringtonhomehardware.com/p/pt-2x6x14/2836009,https://ik.imagekit.io/toolbx/p_1693541128555_c18ce16c-9b5b-4059-99e2-f91df8d17f1b_2836009.jpg,2026-01-07 10:32:06.033096
Clarington Home Hardware,Lumber,LVL 11-7/8x8',1178LVL8,$89.48,/each,https://claringtonhomehardware.com/p/lvl-11-78x8/1178LVL8,https://ik.imagekit.io/toolbx/src-img/158706539262,2026-01-07 10:32:06.089311
Clarington Home Hardware,Lumber,"PT 48"" BALUSTER",2837622,$2.89,/each,https://claringtonhomehardware.com/p/pt-48-baluster/2837622,https://ik.imagekit.io/toolbx/p_1693541266769_2dcb9962-40ee-4cb1-8b9e-b7e3ccc611d2_2837622.jpg,2026-01-07 10:32:06.150469
Clarington Home Hardware,Lumber,Spruce 1x4x8,2833337,$4.19,/each,https://claringtonhomehardware.com/p/spruce-1x4x8/2833337,https://ik.imagekit.io/toolbx/p_1693541476790_8bd5d535-d38b-4501-ae0f-70ca98b456e8_2833337.jpg,2026-01-07 10:32:06.207234
Clarington Home Hardware,Lumber,"LVL 9-1/2""x16'",912LVL16,$144.00,/each,https://claringtonhomehardware.com/p/lvl-9-12x16/912LVL16,https://ik.imagekit.io/toolbx/p_1693541406716_1bf0949b-1fd7-4838-b392-b57904978f12_912LVL16.jpg,2026-01-07 10:32:06.269126
Clarington Home Hardware,Lumber,Cedar 2x4x8,2805431,$15.99,/each,https://claringtonhomehardware.com/p/cedar-2x4x8/2805431,https://ik.imagekit.io/toolbx/p_1693541061866_3d2dc09c-76af-46e6-badf-5151a4a98f2e_2805431.jpg,2026-01-07 10:32:06.325786
Clarington Home Hardware,Lumber,Spruce 2x6x18,2832451,$32.75,/each,https://claringtonhomehardware.com/p/spruce-2x6x18/2832451,https://ik.imagekit.io/toolbx/p_1693541645517_42f44ad2-d566-45e5-b066-d0bc912c9b6e_2832451.jpg,2026-01-07 10:32:06.382979
Clarington Home Hardware,Lumber,PT 2x6x12,2836008,$18.88,/each,https://claringtonhomehardware.com/p/pt-2x6x12/2836008,https://ik.imagekit.io/toolbx/p_1693541123677_2b9fa889-7b72-4e86-8a4b-f292508f1447_2836008.jpg,2026-01-07 10:32:06.439435
Clarington Home Hardware,Lumber,PT 2x12x16,2835987,$70.12,/each,https://claringtonhomehardware.com/p/pt-2x12x16/2835987,https://ik.imagekit.io/toolbx/p_1693541052067_760f82f3-42f5-433b-855f-61ed5ad356c7_2835987.jpg,2026-01-07 10:32:06.496269
Clarington Home Hardware,Lumber,LVL 11-7/8x16',1178LVL16,$218.34,/each,https://claringtonhomehardware.com/p/lvl-11-78x16/1178LVL16,https://ik.imagekit.io/toolbx/src-img/158706539262,2026-01-07 10:32:06.553390
Clarington Home Hardware,Lumber,Pine 1x12x8,2826864,$18.99,/each,https://claringtonhomehardware.com/p/pine-1x12x8/2826864,https://ik.imagekit.io/toolbx/p_1693541271282_19f0c128-b930-49f2-ac61-be8a3cdd555b_2826864.jpg,2026-01-07 10:32:06.609606
Clarington Home Hardware,Lumber,PT 6x6x10,2835994,$52.12,/each,https://claringtonhomehardware.com/p/pt-6x6x10/2835994,https://ik.imagekit.io/toolbx/p_1693541247945_025ba2a3-21ff-4578-8913-f5bf42b8a2e9_2835994.jpg,2026-01-07 10:32:06.670158
Clarington Home Hardware,Lumber,LVL 11-7/8x18',1178LVL18,$201.32,/each,https://claringtonhomehardware.com/p/lvl-11-78x18/1178LVL18,https://ik.imagekit.io/toolbx/src-img/158706539262,2026-01-07 10:32:06.727558
Clarington Home Hardware,Lumber,Spruce 2x4x14,2832433,$9.66,/each,https://claringtonhomehardware.com/p/spruce-2x4x14/2832433,https://ik.imagekit.io/toolbx/p_1693541606974_b9565e8e-a540-4b51-927c-3172e171a6ba_2832433.jpg,2026-01-07 10:32:06.782880
Clarington Home Hardware,Lumber,PT 48x96 Lattice,12182,$44.96,/each,https://claringtonhomehardware.com/p/pt-48x96-lattice/12182,https://ik.imagekit.io/toolbx/p_1693541359535_073aa2ca-ec30-42c1-8554-1fb1589086a6_12182.jpg,2026-01-07 10:32:06.839791
Clarington Home Hardware,Lumber,Spruce 2x10x10,2832479,$22.13,/each,https://claringtonhomehardware.com/p/spruce-2x10x10/2832479,https://ik.imagekit.io/toolbx/p_1693541492358_39be0cfb-0ff1-484d-bdec-25c3ca3c9d1b_2832479.jpg,2026-01-07 10:32:06.896350
Clarington Home Hardware,Lumber,Spruce 2x6x14,2832447,$17.90,/each,https://claringtonhomehardware.com/p/spruce-2x6x14/2832447,https://ik.imagekit.io/toolbx/p_1693541636002_7730d522-a284-41a5-a2cc-bbb0e4cf7704_2832447.jpg,2026-01-07 10:32:06.954180
Clarington Home Hardware,Lumber,PT 2x6x16,2836010,$25.17,/each,https://claringtonhomehardware.com/p/pt-2x6x16/2836010,https://ik.imagekit.io/toolbx/p_1693541132574_b8e8ac45-d997-4667-b040-632b8a5ad452_2836010.jpg,2026-01-07 10:32:07.010735
Clarington Home Hardware,Lumber,Pine 1x12x12,2826866,$28.99,/each,https://claringtonhomehardware.com/p/pine-1x12x12/2826866,https://ik.imagekit.io/toolbx/p_1693541281171_ecb229c9-6d91-4197-904e-dd2e1f33bb85_2826866.jpg,2026-01-07 10:32:07.066314
Clarington Home Hardware,Lumber,Spruce 2x12x24,2832511,$121.52,/each,https://claringtonhomehardware.com/p/spruce-2x12x24/2832511,https://ik.imagekit.io/toolbx/p_1693541557416_47b706f9-b31b-435f-b888-052d63b5cde9_2832511.jpg,2026-01-07 10:32:07.124284
Clarington Home Hardware,Lumber,PT 4x4x10,2835989,$20.98,/each,https://claringtonhomehardware.com/p/pt-4x4x10/2835989,https://ik.imagekit.io/toolbx/p_1693541180819_f663b2ba-2c80-4f4e-9690-6a966670d95e_2835989.jpg,2026-01-07 10:32:07.185433
Clarington Home Hardware,Lumber,Spruce 2x10x16,2832485,$35.40,/each,https://claringtonhomehardware.com/p/spruce-2x10x16/2832485,https://ik.imagekit.io/toolbx/p_1693541505812_073fffaf-eeaf-4622-bf30-a727d1ec334f_2832485.jpg,2026-01-07 10:32:07.242127
Clarington Home Hardware,Lumber,PT 2x12x10,2835984,$43.75,/each,https://claringtonhomehardware.com/p/pt-2x12x10/2835984,https://ik.imagekit.io/toolbx/p_1693541039518_7e128149-0d45-464f-bd67-32c5f54e5163_2835984.jpg,2026-01-07 10:32:07.299665
Clarington Home Hardware,Lumber,Spruce 2x10x14,2832483,$30.98,/each,https://claringtonhomehardware.com/p/spruce-2x10x14/2832483,https://ik.imagekit.io/toolbx/p_1693541501447_6b1c0a06-d266-42f0-a30f-52f0b8438fee_2832483.jpg,2026-01-07 10:32:07.355258
Clarington Home Hardware,Lumber,Pine 1x12x12,2826932,$29.99,/each,https://claringtonhomehardware.com/p/pine-1x12x12/2826932,https://ik.imagekit.io/toolbx/p_1693540906861_b6d3e498-8bcc-4f73-ad9a-a5d443d78b8b_2826932.jpg,2026-01-07 10:32:07.410842
Clarington Home Hardware,Lumber,Spruce 2x10x8,2832477,$17.70,/each,https://claringtonhomehardware.com/p/spruce-2x10x8/2832477,https://ik.imagekit.io/toolbx/p_1693541524199_91943c17-49c2-4cb8-a453-abb2e32c415d_2832477.jpg,2026-01-07 10:32:07.468201
Clarington Home Hardware,Lumber,Pine 1x12x16,2826934,$21.99,/each,https://claringtonhomehardware.com/p/pine-1x12x16/2826934,https://ik.imagekit.io/toolbx/p_1693540907652_624ba820-85c0-4a75-913f-fd0b777e2289_2826934.jpg,2026-01-07 10:32:07.523605
Clarington Home Hardware,Lumber,PT 2x8x10,2835974,$23.63,/each,https://claringtonhomehardware.com/p/pt-2x8x10/2835974,https://ik.imagekit.io/toolbx/p_1693541146858_e58738e6-884d-4ac6-ae8c-fffed87e4399_2835974.jpg,2026-01-07 10:32:07.580852
Clarington Home Hardware,Lumber,Spruce 2x3x8,2833511,$3.49,/each,https://claringtonhomehardware.com/p/spruce-2x3x8/2833511,https://ik.imagekit.io/toolbx/p_1693541581397_ec31cdd6-b344-466e-beab-f329c77ca063_2833511.jpg,2026-01-07 10:32:07.640494
Clarington Home Hardware,Lumber,Spruce 2x6x92-5/8,2833539,$7.64,/each,https://claringtonhomehardware.com/p/spruce-2x6x92-58/2833539,https://ik.imagekit.io/toolbx/p_1693541659405_12437591-b4c7-4aa2-b4bc-0f064ea2bcb3_2833539.jpg,2026-01-07 10:32:07.695735
Clarington Home Hardware,Lumber,PT 2x8x20,2820PTB,$105.33,/each,https://claringtonhomehardware.com/p/pt-2x8x20/2820PTB,https://ik.imagekit.io/toolbx/p_1693541137418_ba0fa0d4-236b-4e2b-83f0-442067f92e97_2820PTB.jpg,2026-01-07 10:32:07.753586
Clarington Home Hardware,Lumber,Cedar 4x4x8,2805565,$47.99,/each,https://claringtonhomehardware.com/p/cedar-4x4x8/2805565,https://ik.imagekit.io/toolbx/p_1693541166664_d4f646ff-8348-414a-a477-a539c885bda1_2805565.jpg,2026-01-07 10:32:07.809803
Clarington Home Hardware,Lumber,Rimboard 11-7/8x12',1178RB12,$56.31,/each,https://claringtonhomehardware.com/p/rimboard-11-78x12/1178RB12,https://ik.imagekit.io/toolbx/p_1693541457946_1ff9bcf6-101c-49d2-b6f5-0b408b470de4_1178RB12.jpg,2026-01-07 10:32:07.866666
Clarington Home Hardware,Lumber,Spruce 2x4x92-5/8,2833521,$3.93,/each,https://claringtonhomehardware.com/p/spruce-2x4x92-58/2833521,https://ik.imagekit.io/toolbx/p_1693541616098_c5b4b090-7069-49c4-a690-1410fbd4748b_2833521.jpg,2026-01-07 10:32:07.923107
Clarington Home Hardware,Lumber,Cedar 2x6x10,2805477,$32.49,/each,https://claringtonhomehardware.com/p/cedar-2x6x10/2805477,https://ik.imagekit.io/toolbx/p_1693541099734_d7b27786-7454-47b5-9da7-c75a52f13063_2805477.jpg,2026-01-07 10:32:07.980802
Clarington Home Hardware,Lumber,Spruce 2x6x104-5/8,2833545,$10.99,/each,https://claringtonhomehardware.com/p/spruce-2x6x104-58/2833545,https://ik.imagekit.io/toolbx/p_1693541664112_09c8d078-599c-49f6-9ff8-63763fd17598_2833545.jpg,2026-01-07 10:32:08.038725
Clarington Home Hardware,Lumber,Pine 1x8,2826887,$4.59,/foot,https://claringtonhomehardware.com/p/pine-1x8/2826887,https://ik.imagekit.io/toolbx/p_1693541006132_30fa6539-a9c2-4baf-a3f9-346e26bf7f36_2826887.jpg,2026-01-07 10:32:08.095429
Clarington Home Hardware,Lumber,Spruce 1x2x8,2833319,$2.30,/each,https://claringtonhomehardware.com/p/spruce-1x2x8/2833319,https://ik.imagekit.io/toolbx/p_1693541462711_53164a44-8e29-4dbb-a2b2-e43d8359cc2b_2833319.jpg,2026-01-07 10:32:08.154958
Clarington Home Hardware,Lumber,PT 12x96 Lattice,12152,$11.99,/each,https://claringtonhomehardware.com/p/pt-12x96-lattice/12152,https://ik.imagekit.io/toolbx/p_1693541333186_6e2085cc-8990-4d56-95e1-29d39b98c2c1_12152.jpg,2026-01-07 10:32:08.212491
Clarington Home Hardware,Lumber,PT 2x4x12,2836003,$11.20,/each,https://claringtonhomehardware.com/p/pt-2x4x12/2836003,https://ik.imagekit.io/toolbx/p_1693541085235_6a3d3831-04d8-4911-a2b5-7d8e14eef64e_2836003.jpg,2026-01-07 10:32:08.270086
Clarington Home Hardware,Lumber,Spruce 2x6x24,2832457,$78.62,/each,https://claringtonhomehardware.com/p/spruce-2x6x24/2832457,https://ik.imagekit.io/toolbx/p_1693541654675_b8995576-3c4b-4519-a195-41911102561d_2832457.jpg,2026-01-07 10:32:08.326406
Clarington Home Hardware,Lumber,PT 3-STEP,2837612,$22.67,/each,https://claringtonhomehardware.com/p/pt-3-step/2837612,https://ik.imagekit.io/toolbx/p_1693541697729_90f0f2f4-bcdc-4b6c-8f69-64efb28d3153_2837612.jpg,2026-01-07 10:32:08.382875
Clarington Home Hardware,Lumber,PT 4x4x14,2835991,$29.38,/each,https://claringtonhomehardware.com/p/pt-4x4x14/2835991,https://ik.imagekit.io/toolbx/p_1693541190337_b3c0f365-727d-4cf8-ad18-ac9dbdecc9df_2835991.jpg,2026-01-07 10:32:08.441104
Clarington Home Hardware,Lumber,Spruce 2x12x20,2832507,$88.61,/each,https://claringtonhomehardware.com/p/spruce-2x12x20/2832507,https://ik.imagekit.io/toolbx/p_1693541553090_9875da03-6ccc-4842-8e87-bf0d9225f7a4_2832507.jpg,2026-01-07 10:32:08.496850
Clarington Home Hardware,Lumber,Spruce 1x6x8,2833349,$8.39,/each,https://claringtonhomehardware.com/p/spruce-1x6x8/2833349,https://ik.imagekit.io/toolbx/p_1693541491100_b1cd1bce-ffdb-4c49-999b-6e487d80ca9c_2833349.jpg,2026-01-07 10:32:08.554344
Clarington Home Hardware,Lumber,Pine 1x12,2826923,$2.69,/foot,https://claringtonhomehardware.com/p/pine-1x12/2826923,https://ik.imagekit.io/toolbx/p_1693540892043_fb8e550d-4c66-4dda-be46-ccde73fea891_2826923.jpg,2026-01-07 10:32:08.613720
Clarington Home Hardware,Lumber,Spruce 2x12x16,2832503,$64.81,/each,https://claringtonhomehardware.com/p/spruce-2x12x16/2832503,https://ik.imagekit.io/toolbx/p_1693541543646_49439a45-c83a-4cf5-a331-4bb53cbd29b9_2832503.jpg,2026-01-07 10:32:08.671633
Clarington Home Hardware,Lumber,"LVL 9-1/2""x12'",912LVL12,$108.00,/each,https://claringtonhomehardware.com/p/lvl-9-12x12/912LVL12,https://ik.imagekit.io/toolbx/p_1693541402168_e0f54ced-3040-4783-8106-4ccaacc4d481_912LVL12.jpg,2026-01-07 10:32:08.727633
Clarington Home Hardware,Lumber,PT 5-STEP,2837614,$38.95,/each,https://claringtonhomehardware.com/p/pt-5-step/2837614,https://ik.imagekit.io/toolbx/p_1693541707986_03147469-0e06-4be7-aa6b-daf9f203c39b_2837614.jpg,2026-01-07 10:32:08.783633
Clarington Home Hardware,Lumber,PT 6-STEP,2837615,$43.95,/each,https://claringtonhomehardware.com/p/pt-6-step/2837615,https://ik.imagekit.io/toolbx/p_1693541708548_4d4d9ce6-27cd-4067-b7a6-4c3786c544b2_2837615.jpg,2026-01-07 10:32:08.840634
Clarington Home Hardware,Lumber,Spruce 2x6x8,2832441,$7.69,/each,https://claringtonhomehardware.com/p/spruce-2x6x8/2832441,https://ik.imagekit.io/toolbx/p_1693541621882_c95f3542-14df-4400-a028-95b075983d60_2832441.jpg,2026-01-07 10:32:08.897633
Clarington Home Hardware,Lumber,PT 5/4x6x16,2835944,$17.42,/each,https://claringtonhomehardware.com/p/pt-54x6x16/2835944,https://ik.imagekit.io/toolbx/p_1693541237793_44f3e95d-2966-4aee-bb37-c5ee37c4b02f_2835944.jpg,2026-01-07 10:32:08.954633
Clarington Home Hardware,Lumber,PT 1x6x6,2835956,$4.78,/each,https://claringtonhomehardware.com/p/pt-1x6x6/2835956,https://ik.imagekit.io/toolbx/p_1693540994290_8140afbf-b5d1-4412-8e97-b00a7e0f0a20_2835956.jpg,2026-01-07 10:32:09.010633
Clarington Home Hardware,Lumber,Spruce 2x10x18,2832487,$49.95,/each,https://claringtonhomehardware.com/p/spruce-2x10x18/2832487,https://ik.imagekit.io/toolbx/p_1693541510330_049c38d3-e874-43f2-8188-a8a40a6a89c9_2832487.jpg,2026-01-07 10:32:11.446597
Clarington Home Hardware,Lumber,Spruce 1x4x16,2833345,$9.99,/each,https://claringtonhomehardware.com/p/spruce-1x4x16/2833345,https://ik.imagekit.io/toolbx/p_1693541472253_4105ba6e-1c30-458d-b7b1-5dc7cb685b95_2833345.jpg,2026-01-07 10:32:11.505596
Clarington Home Hardware,Lumber,PT 2x10x8,2835978,$24.96,/each,https://claringtonhomehardware.com/p/pt-2x10x8/2835978,https://ik.imagekit.io/toolbx/p_1693541016163_98d808ad-d148-44eb-aeba-27e3040f65c0_2835978.jpg,2026-01-07 10:32:11.563595
Clarington Home Hardware,Lumber,Spruce 2x12x8,2832495,$32.41,/each,https://claringtonhomehardware.com/p/spruce-2x12x8/2832495,https://ik.imagekit.io/toolbx/p_1693541562555_bc2237cf-1cdd-4b71-97fa-71698c0fab37_2832495.jpg,2026-01-07 10:32:11.619595
Clarington Home Hardware,Lumber,Pine 1x6,2826881,$3.49,/foot,https://claringtonhomehardware.com/p/pine-1x6/2826881,https://ik.imagekit.io/toolbx/p_1693540979458_fb102df9-549d-47d6-a44f-1f535bd0e7e3_2826881.jpg,2026-01-07 10:32:11.675595
Clarington Home Hardware,Lumber,Spruce 2x2x14,2214S,$7.97,/each,https://claringtonhomehardware.com/p/spruce-2x2x14/2214S,https://ik.imagekit.io/toolbx/p_1693541567458_eb75d785-ac7d-468d-ad21-e11e8a8a6f47_2214S.jpg,2026-01-07 10:32:11.735596
Clarington Home Hardware,Lumber,Spruce 2x6x116-5/8,2833538,$12.95,/each,https://claringtonhomehardware.com/p/spruce-2x6x116-58/2833538,https://ik.imagekit.io/toolbx/p_1693541626664_e4b16df4-00b4-456e-9a72-6d24c20bb793_2833538.jpg,2026-01-07 10:32:11.789595
Clarington Home Hardware,Lumber,PT 5/4x6x8,2835940,$8.71,/each,https://claringtonhomehardware.com/p/pt-54x6x8/2835940,https://ik.imagekit.io/toolbx/p_1693541218995_54876708-e43b-4ba0-9814-058aeedd8d92_2835940.jpg,2026-01-07 10:32:11.845597
Clarington Home Hardware,Lumber,Pine 1x12x10,2826865,$23.99,/each,https://claringtonhomehardware.com/p/pine-1x12x10/2826865,https://ik.imagekit.io/toolbx/p_1693541276267_c214bcc0-de04-4208-b366-f2bd8e66baba_2826865.jpg,2026-01-07 10:32:11.906595
Clarington Home Hardware,Lumber,Cedar 1x6x10,2805357,$19.70,/each,https://claringtonhomehardware.com/p/cedar-1x6x10/2805357,https://ik.imagekit.io/toolbx/p_1693540964518_dcfa1f26-2779-4d4e-a6c5-dd163e6f607a_2805357.jpg,2026-01-07 10:32:11.967596
Clarington Home Hardware,Lumber,Spruce 2x12x12,2832499,$48.61,/each,https://claringtonhomehardware.com/p/spruce-2x12x12/2832499,https://ik.imagekit.io/toolbx/p_1693541533988_0c49c68a-993b-4352-8953-8e8bc9eea267_2832499.jpg,2026-01-07 10:32:12.026595
Clarington Home Hardware,Lumber,PT 2x10x10,2835979,$31.20,/each,https://claringtonhomehardware.com/p/pt-2x10x10/2835979,https://ik.imagekit.io/toolbx/p_1693541020182_5ee8d8f2-f9a1-40b2-b457-45f1ccaf30f8_2835979.jpg,2026-01-07 10:32:12.088596
Clarington Home Hardware,Lumber,PT 2x6x8,2836006,$12.59,/each,https://claringtonhomehardware.com/p/pt-2x6x8/2836006,https://ik.imagekit.io/toolbx/p_1693541114155_c09b68d9-d2f7-4fff-81eb-18e3681aa338_2836006.jpg,2026-01-07 10:32:12.150610
Clarington Home Hardware,Lumber,PT 2x8x16,2835977,$37.78,/each,https://claringtonhomehardware.com/p/pt-2x8x16/2835977,https://ik.imagekit.io/toolbx/p_1693541161649_b0cf3a2f-6932-4ace-a422-982a52ad2ed1_2835977.jpg,2026-01-07 10:32:12.211596
Clarington Home Hardware,Lumber,Cedar 1x6x8,2805353,$14.99,/each,https://claringtonhomehardware.com/p/cedar-1x6x8/2805353,https://ik.imagekit.io/toolbx/p_1693540960141_4a9baf55-24b2-4201-9c4d-1f6a89fdb5d9_2805353.jpg,2026-01-07 10:32:12.273595
Clarington Home Hardware,Lumber,Spruce 2x6x20,2832453,$35.27,/each,https://claringtonhomehardware.com/p/spruce-2x6x20/2832453,https://ik.imagekit.io/toolbx/p_1693541649870_9e353fe8-a515-4673-bb61-4064f6072e21_2832453.jpg,2026-01-07 10:32:12.334598
Clarington Home Hardware,Lumber,PT 24x96 Lattice,12153,$24.69,/each,https://claringtonhomehardware.com/p/pt-24x96-lattice/12153,https://ik.imagekit.io/toolbx/p_1693541337801_c24e9410-401d-4cb4-be99-345ee2f7a432_12153.jpg,2026-01-07 10:32:12.395597
Clarington Home Hardware,Lumber,LVL 7-1/4x16',714LVL16,$118.15,/each,https://claringtonhomehardware.com/p/lvl-7-14x16/714LVL16,https://ik.imagekit.io/toolbx/p_1693541392649_9a369a71-31f8-4e84-8de0-ae50ce63293b_714LVL16.jpg,2026-01-07 10:32:12.457595
Clarington Home Hardware,Lumber,PT 2x4x10,2836002,$9.34,/each,https://claringtonhomehardware.com/p/pt-2x4x10/2836002,https://ik.imagekit.io/toolbx/p_1693541080110_ba835cc7-d40e-4491-bbb1-ae1287970975_2836002.jpg,2026-01-07 10:32:12.519595
Clarington Home Hardware,Lumber,PT 4-STEP,2837613,$29.89,/each,https://claringtonhomehardware.com/p/pt-4-step/2837613,https://ik.imagekit.io/toolbx/p_1693541703769_2531927a-3897-411d-8f03-5e2ffaba75b3_2837613.jpg,2026-01-07 10:32:12.578594
Clarington Home Hardware,Lumber,Pine 2x6,2826831,$2.39,/foot,https://claringtonhomehardware.com/p/pine-2x6/2826831,https://ik.imagekit.io/toolbx/p_1693541109752_17577936-8058-45be-a86a-0043066046cc_2826831.jpg,2026-01-07 10:32:12.639365
Clarington Home Hardware,Lumber,Cedar 5/4x6x8,2805615,$15.92,/each,https://claringtonhomehardware.com/p/cedar-54x6x8/2805615,https://ik.imagekit.io/toolbx/p_1693541199685_0ce7fa2c-af49-44ec-a1c6-c91f0168a020_2805615.jpg,2026-01-07 10:32:12.697449
Clarington Home Hardware,Lumber,PT 2x2x8,2835967,$5.49,/each,https://claringtonhomehardware.com/p/pt-2x2x8/2835967,https://ik.imagekit.io/toolbx/p_1693541056750_ce127793-9757-4cc3-b06a-0b26e4a48c3f_2835967.jpg,2026-01-07 10:32:12.753483
Clarington Home Hardware,Lumber,"LVL 9-1/2""x10'",912LVL10,$90.00,/each,https://claringtonhomehardware.com/p/lvl-9-12x10/912LVL10,https://ik.imagekit.io/toolbx/p_1693541397450_3a73c908-611f-4d98-889c-8f8f74db7f52_912LVL10.jpg,2026-01-07 10:32:12.813007
Clarington Home Hardware,Lumber,Pine 1x12x8,2826930,$10.99,/each,https://claringtonhomehardware.com/p/pine-1x12x8/2826930,https://ik.imagekit.io/toolbx/p_1693540897027_8c65f0f2-f3ba-4e97-87b2-734019a615c1_2826930.jpg,2026-01-07 10:32:12.868376
Clarington Home Hardware,Lumber,PT 2x8x12,2835975,$28.35,/each,https://claringtonhomehardware.com/p/pt-2x8x12/2835975,https://ik.imagekit.io/toolbx/p_1693541151683_ddb03829-907c-4e61-bc8a-6a88eb152743_2835975.jpg,2026-01-07 10:32:12.924963
Clarington Home Hardware,Lumber,"LVL 9-1/2""x20'",912LVL20,$180.00,/each,https://claringtonhomehardware.com/p/lvl-9-12x20/912LVL20,https://ik.imagekit.io/toolbx/p_1693541411286_3758f070-a606-4cb7-b6fc-d3480bac4ae9_912LVL20.jpg,2026-01-07 10:32:12.982269
Clarington Home Hardware,Lumber,LVL 11-7/8x20',1178LVL20,$223.69,/each,https://claringtonhomehardware.com/p/lvl-11-78x20/1178LVL20,https://ik.imagekit.io/toolbx/src-img/158706539262,2026-01-07 10:32:13.037436
Clarington Home Hardware,Lumber,PT 6x6x16,2835997,$83.40,/each,https://claringtonhomehardware.com/p/pt-6x6x16/2835997,https://ik.imagekit.io/toolbx/p_1693541258019_93f68824-e865-4dee-92b3-ed4c9099ce89_2835997.jpg,2026-01-07 10:32:13.093271
Clarington Home Hardware,Lumber,Spruce 2x6x10,2832443,$12.76,/each,https://claringtonhomehardware.com/p/spruce-2x6x10/2832443,https://ik.imagekit.io/toolbx/p_1693541627093_7a7e59b3-32a7-4d4f-8f2e-62d850e3d66f_2832443.jpg,2026-01-07 10:32:13.147985
Clarington Home Hardware,Lumber,Pine 1x12x10,2826931,$14.49,/each,https://claringtonhomehardware.com/p/pine-1x12x10/2826931,https://ik.imagekit.io/toolbx/p_1693540902317_543f52fa-4114-4ae1-acd1-82fc4558b1d9_2826931.jpg,2026-01-07 10:32:13.204474
Clarington Home Hardware,Lumber,PT 2x6x10,2836007,$15.73,/each,https://claringtonhomehardware.com/p/pt-2x6x10/2836007,https://ik.imagekit.io/toolbx/p_1693541119656_6244b898-a075-45bf-a0e2-f0dae3f7aace_2836007.jpg,2026-01-07 10:32:13.257947
Clarington Home Hardware,Lumber,Cedar 5/4x6x16,2805623,$31.84,/each,https://claringtonhomehardware.com/p/cedar-54x6x16/2805623,https://ik.imagekit.io/toolbx/p_1693541214419_30180c3b-97c5-40a7-b3ec-bccddd5095ee_2805623.jpg,2026-01-07 10:32:13.349131
Clarington Home Hardware,Lumber,LVL 7-1/4x14',714LVL14,$103.38,/each,https://claringtonhomehardware.com/p/lvl-7-14x14/714LVL14,https://ik.imagekit.io/toolbx/p_1693541388091_9f00af8d-84ca-481f-bdd3-b6349cfef217_714LVL14.jpg,2026-01-07 10:32:13.404630
Clarington Home Hardware,Lumber,Spruce 2x10x24,2832493,$108.98,/each,https://claringtonhomehardware.com/p/spruce-2x10x24/2832493,https://ik.imagekit.io/toolbx/p_1693541519579_097e10ca-7c4b-4502-a5b7-a7475659e8c5_2832493.jpg,2026-01-07 10:32:13.463806
Clarington Home Hardware,Lumber,Pine 1x2x8,910011,$1.62,/each,https://claringtonhomehardware.com/p/pine-1x2x8/910011,https://ik.imagekit.io/toolbx/p_1693540917320_0757e14e-dd66-481e-aa64-e672cdfea384_910011.jpg,2026-01-07 10:32:13.518407
Clarington Home Hardware,Lumber,Pine 1x4,2826875,$3.69,/foot,https://claringtonhomehardware.com/p/pine-1x4/2826875,https://ik.imagekit.io/toolbx/p_1693540922600_6ab7e7fe-b051-4f82-9b33-682828c1a983_2826875.jpg,2026-01-07 10:32:13.574095
Clarington Home Hardware,Lumber,LVL 11-7/8x12',1178LVL12,$134.22,/each,https://claringtonhomehardware.com/p/lvl-11-78x12/1178LVL12,https://ik.imagekit.io/toolbx/src-img/158706539262,2026-01-07 10:32:13.631447
Clarington Home Hardware,Lumber,PT 1x6x5,2835955,$3.98,/each,https://claringtonhomehardware.com/p/pt-1x6x5/2835955,https://ik.imagekit.io/toolbx/p_1693540991218_188c8357-5892-4f8a-9d97-e8fc1bf39de2_2835955.jpg,2026-01-07 10:32:13.687098
Clarington Home Hardware,Lumber,Cedar 2x6x12,2805483,$38.99,/each,https://claringtonhomehardware.com/p/cedar-2x6x12/2805483,https://ik.imagekit.io/toolbx/p_1693541104254_819df133-ac67-43c8-a0b6-980d8a9f3ea9_2805483.jpg,2026-01-07 10:32:13.743379
Clarington Home Hardware,Lumber,Spruce 2x12x18,2832505,$79.75,/each,https://claringtonhomehardware.com/p/spruce-2x12x18/2832505,https://ik.imagekit.io/toolbx/p_1693541548232_83290505-206a-4c6d-82c1-b1090720b624_2832505.jpg,2026-01-07 10:32:13.831480
Clarington Home Hardware,Lumber,Cedar 2x6x8,2805471,$25.99,/each,https://claringtonhomehardware.com/p/cedar-2x6x8/2805471,https://ik.imagekit.io/toolbx/p_1693541095114_fb026cd5-1084-4827-bd76-716cfb6caa78_2805471.jpg,2026-01-07 10:32:13.889265
Clarington Home Hardware,Lumber,PT 1x6x8,2835957,$6.37,/each,https://claringtonhomehardware.com/p/pt-1x6x8/2835957,https://ik.imagekit.io/toolbx/p_1693540996149_0919a44b-7d2a-476b-845e-1c98e4b3558b_2835957.jpg,2026-01-07 10:32:13.945660
Clarington Home Hardware,Lumber,Pine 1x6x6 T&G,166DF,$5.99,/each,https://claringtonhomehardware.com/p/pine-1x6x6-tg/166DF,https://ik.imagekit.io/toolbx/p_1693540969344_522dac40-0011-40db-8172-ccba9e793a07_166DF.jpg,2026-01-07 10:32:14.001354
Clarington Home Hardware,Lumber,Spruce 2x6x12,2832445,$15.34,/each,https://claringtonhomehardware.com/p/spruce-2x6x12/2832445,https://ik.imagekit.io/toolbx/p_1693541631449_cf16aff4-4a36-420b-92e9-f5d7a66d6703_2832445.jpg,2026-01-07 10:32:14.056723
Clarington Home Hardware,Lumber,PT 2x12x14,2835986,$61.36,/each,https://claringtonhomehardware.com/p/pt-2x12x14/2835986,https://ik.imagekit.io/toolbx/p_1693541047690_131d751e-16ad-4f28-9614-f05cae541c96_2835986.jpg,2026-01-07 10:32:14.118422
Clarington Home Hardware,Lumber,Pine 1x8,2826911,$2.29,/foot,https://claringtonhomehardware.com/p/pine-1x8/2826911,https://ik.imagekit.io/toolbx/p_1693541010202_ba4f6725-d65a-4f67-944c-08d2ec4e51b0_2826911.jpg,2026-01-07 10:32:14.175531
Clarington Home Hardware,Lumber,PT 4x4x12,2835990,$25.20,/each,https://claringtonhomehardware.com/p/pt-4x4x12/2835990,https://ik.imagekit.io/toolbx/p_1693541185396_3ebbd34b-0e9e-452f-9765-60b5fc3e3e47_2835990.jpg,2026-01-07 10:32:14.232158
Clarington Home Hardware,Lumber,Cedar 5/4x6x10,2805617,$19.99,/each,https://claringtonhomehardware.com/p/cedar-54x6x10/2805617,https://ik.imagekit.io/toolbx/p_1693541204429_9d3ca143-ee32-4347-9caa-7db7a930f18f_2805617.jpg,2026-01-07 10:32:14.287662
Clarington Home Hardware,Lumber,Spruce 2x2x12,2832405,$6.97,/each,https://claringtonhomehardware.com/p/spruce-2x2x12/2832405,https://ik.imagekit.io/toolbx/p_1693541576506_1480ea1c-1fd7-4b8d-b47a-c1dcbed55628_2832405.jpg,2026-01-07 10:32:14.344125
Clarington Home Hardware,Lumber,Cedar 5/4x6x12,2805619,$23.88,/each,https://claringtonhomehardware.com/p/cedar-54x6x12/2805619,https://ik.imagekit.io/toolbx/p_1693541209524_747cd535-e5d2-4728-a0ef-155220aef591_2805619.jpg,2026-01-07 10:32:14.400371
Clarington Home Hardware,Lumber,Spruce 2x12x10,2832497,$40.51,/each,https://claringtonhomehardware.com/p/spruce-2x12x10/2832497,https://ik.imagekit.io/toolbx/p_1693541529431_62a04029-68da-4402-8fcc-b5e0a8cbdeb6_2832497.jpg,2026-01-07 10:32:14.457070
Clarington Home Hardware,Lumber,Cedar 1x6x10,16CV10,$34.49,/each,https://claringtonhomehardware.com/p/cedar-1x6x10/16CV10,https://ik.imagekit.io/toolbx/p_1693540946184_4641cb94-7ae1-49dc-91f0-0d171c6558b0_16CV10.jpg,2026-01-07 10:32:14.511354
Clarington Home Hardware,Lumber,Spruce 2x4x12,2832431,$8.28,/each,https://claringtonhomehardware.com/p/spruce-2x4x12/2832431,https://ik.imagekit.io/toolbx/p_1693541606516_b3d18d28-70bf-4ca4-a0ab-5ba8f4988891_2832431.jpg,2026-01-07 10:32:14.566858
Clarington Home Hardware,Lumber,PT 2x12x8,2835983,$35.06,/each,https://claringtonhomehardware.com/p/pt-2x12x8/2835983,https://ik.imagekit.io/toolbx/p_1693541034972_f76f8a75-066d-485a-8c9b-9e3e9d79c260_2835983.jpg,2026-01-07 10:32:14.623481
Clarington Home Hardware,Lumber,PT 5/4x6x10,2835941,$11.49,/each,https://claringtonhomehardware.com/p/pt-54x6x10/2835941,https://ik.imagekit.io/toolbx/p_1693541223955_c55b15aa-ed90-497a-a3f0-2bac56977a90_2835941.jpg,2026-01-07 10:32:14.680240
Clarington Home Hardware,Lumber,LVL 7-1/4x12',714LVL12,$88.62,/each,https://claringtonhomehardware.com/p/lvl-7-14x12/714LVL12,https://ik.imagekit.io/toolbx/p_1693541383537_6cd2c117-9dae-4ed3-a1e3-eb49515ea143_714LVL12.jpg,2026-01-07 10:32:14.736494
Clarington Home Hardware,Lumber,Spruce 2x4x8,2832427,$3.99,/each,https://claringtonhomehardware.com/p/spruce-2x4x8/2832427,https://ik.imagekit.io/toolbx/p_1693541586448_5a99f18a-7c10-46bd-95f4-2a34ca4a0b69_2832427.jpg,2026-01-07 10:32:14.792403
Clarington Home Hardware,Lumber,PT 6x6x8,2835993,$41.70,/each,https://claringtonhomehardware.com/p/pt-6x6x8/2835993,https://ik.imagekit.io/toolbx/p_1693541243002_c64f5fc9-8fa9-4176-b451-03a687614905_2835993.jpg,2026-01-07 10:32:14.849578
Clarington Home Hardware,Lumber,Spruce 2x4x8 ECONO,2832605,$3.28,/each,https://claringtonhomehardware.com/p/spruce-2x4x8-econo/2832605,https://ik.imagekit.io/toolbx/p_1693541596473_2f27dd9c-6ce6-4c7f-b830-3b1aecb014d7_2832605.jpg,2026-01-07 10:32:14.906158
Clarington Home Hardware,Lumber,PT 2x4x8,2836001,$7.47,/each,https://claringtonhomehardware.com/p/pt-2x4x8/2836001,https://ik.imagekit.io/toolbx/p_1693541076408_07af5f2a-ab29-4559-8c85-cede771d5ec8_2836001.jpg,2026-01-07 10:32:14.962619
Clarington Home Hardware,Lumber,"LVL 9-1/2""x8'",912LVL8,$72.00,/each,https://claringtonhomehardware.com/p/lvl-9-12x8/912LVL8,https://ik.imagekit.io/toolbx/p_1693541420333_9d7351ed-2795-44fd-b680-237eaa416376_912LVL8.jpg,2026-01-07 10:32:15.018326
Clarington Home Hardware,Lumber,Spruce 2x8x8,2832459,$14.79,/each,https://claringtonhomehardware.com/p/spruce-2x8x8/2832459,/public/images/noImageForProduct.png,2026-01-07 10:32:15.074517
Clarington Home Hardware,Lumber,Spruce 2x8x16,2832467,$29.58,/each,https://claringtonhomehardware.com/p/spruce-2x8x16/2832467,/public/images/noImageForProduct.png,2026-01-07 10:32:15.142060
Clarington Home Hardware,Lumber,Spruce 2x8x10,2832461,$18.49,/each,https://claringtonhomehardware.com/p/spruce-2x8x10/2832461,/public/images/noImageForProduct.png,2026-01-07 10:32:15.201416
Clarington Home Hardware,Lumber,Spruce 2x8x12,2832463,$22.19,/each,https://claringtonhomehardware.com/p/spruce-2x8x12/2832463,/public/images/noImageForProduct.png,2026-01-07 10:32:15.257823
Clarington Home Hardware,Lumber,Spruce 2x8x18,2832469,$46.15,/each,https://claringtonhomehardware.com/p/spruce-2x8x18/2832469,/public/images/noImageForProduct.png,2026-01-07 10:32:15.320996
Clarington Home Hardware,Lumber,Spruce 1x4x16,2834103,$6.99,/each,https://claringtonhomehardware.com/p/spruce-1x4x16/2834103,/public/images/noImageForProduct.png,2026-01-07 10:32:15.375650
Clarington Home Hardware,Lumber,Spruce 2x8x14,2832465,$25.89,/each,https://claringtonhomehardware.com/p/spruce-2x8x14/2832465,/public/images/noImageForProduct.png,2026-01-07 10:32:15.431780
Clarington Home Hardware,Lumber,Spruce 2x8x20,2832471,$51.28,/each,https://claringtonhomehardware.com/p/spruce-2x8x20/2832471,/public/images/noImageForProduct.png,2026-01-07 10:32:15.487077
Clarington Home Hardware,Lumber,Pine 2x4,2826827,$1.69,/foot,https://claringtonhomehardware.com/p/pine-2x4/2826827,/public/images/noImageForProduct.png,2026-01-07 10:32:15.543294
Clarington Home Hardware,Lumber,Spruce 2x8x24,2832475,$99.95,/each,https://claringtonhomehardware.com/p/spruce-2x8x24/2832475,/public/images/noImageForProduct.png,2026-01-07 10:32:15.599730
Clarington Home Hardware,plywood,"4x8x1/2"" T&G Dryguard",2814897,$29.98,/each,https://claringtonhomehardware.com/p/4x8x12-tg-dryguard/2814897,https://ik.imagekit.io/toolbx/p_1693541300341_faa9e0f3-bc31-4e8a-9a86-939f4667928c_2814897.jpg,2026-01-07 10:32:22.375110
Clarington Home Hardware,plywood,4x8x3/8 SPF Plywood,2817481,$31.99,/each,https://claringtonhomehardware.com/p/4x8x38-spf-plywood/2817481,https://ik.imagekit.io/toolbx/p_1693541669856_103d38fa-88b1-49e0-abb8-d56b5656db4a_2817481.jpg,2026-01-07 10:32:22.431110
Clarington Home Hardware,plywood,"4x8x3/4"" T&G Dryguard",2814895,$49.99,/each,https://claringtonhomehardware.com/p/4x8x34-tg-dryguard/2814895,https://ik.imagekit.io/toolbx/p_1693541295631_537f62da-0266-4f61-b091-8d2e9a7556cd_2814895.jpg,2026-01-07 10:32:22.488111
Clarington Home Hardware,plywood,"4x8x5/8"" T&G Dryguard",2814894,$39.89,/each,https://claringtonhomehardware.com/p/4x8x58-tg-dryguard/2814894,https://ik.imagekit.io/toolbx/p_1693541290145_48c73623-5908-4c2d-bada-cf889f7a489d_2814894.jpg,2026-01-07 10:32:22.541113
Clarington Home Hardware,plywood,4x8x3/8 D-Grade SPF,38DGSP,$27.60,/each,https://claringtonhomehardware.com/p/4x8x38-d-grade-spf/38DGSP,https://ik.imagekit.io/toolbx/p_1693541285548_40f94cfd-e0c1-48be-953c-659249fe10aa_38DGSP.jpg,2026-01-07 10:32:22.594110
Clarington Home Hardware,plywood,"4x8x5/8"" T&G OSB Board",2814869,$31.99,/each,https://claringtonhomehardware.com/p/4x8x58-tg-osb-board/2814869,https://ik.imagekit.io/toolbx/p_1693541433987_afdd5207-70ca-4540-a660-5bfb2abdbc73_2814869.jpg,2026-01-07 10:32:22.650110
Clarington Home Hardware,plywood,"4x8x3/4"" Maple Plywood",2821410,$136.99,/each,https://claringtonhomehardware.com/p/4x8x34-maple-plywood/2821410,https://ik.imagekit.io/toolbx/p_1693541737240_ab4e4e2a-5f41-44a6-add3-4c1ee33f0dd6_2821410.jpg,2026-01-07 10:32:22.703110
Clarington Home Hardware,plywood,4x8x17.5 FormPly,2816703,$107.25,/each,https://claringtonhomehardware.com/p/4x8x175-formply/2816703,https://ik.imagekit.io/toolbx/p_1693541304885_3f3a08fa-6f35-43c6-8e93-a226a43618b2_2816703.jpg,2026-01-07 10:32:22.757110
Clarington Home Hardware,plywood,"4x8x3/8"" G1S Plywood",2811525,$49.98,/each,https://claringtonhomehardware.com/p/4x8x38-g1s-plywood/2811525,https://ik.imagekit.io/toolbx/p_1693541314330_5105c328-99f6-4071-8356-bc195a51b661_2811525.jpg,2026-01-07 10:32:22.835110
Clarington Home Hardware,plywood,"4x8x3/4"" T&G OSB Board",2814875,$41.99,/each,https://claringtonhomehardware.com/p/4x8x34-tg-osb-board/2814875,https://ik.imagekit.io/toolbx/p_1693541438367_a9ae45e1-d52f-410c-8aba-8942a4a347ba_2814875.jpg,2026-01-07 10:32:22.893113
Clarington Home Hardware,plywood,"4x8x5/8"" G1S Plywood",2811529,$83.99,/each,https://claringtonhomehardware.com/p/4x8x58-g1s-plywood/2811529,https://ik.imagekit.io/toolbx/p_1693541323672_2277bdca-4965-49a7-9890-80b9f9b0be36_2811529.jpg,2026-01-07 10:32:22.950823
Clarington Home Hardware,plywood,"4x8x3/4"" G1S Plywood",2811535,$98.99,/each,https://claringtonhomehardware.com/p/4x8x34-g1s-plywood/2811535,https://ik.imagekit.io/toolbx/p_1693541328337_ec6d659b-038f-4b40-b6e1-a9ce74cc088b_2811535.jpg,2026-01-07 10:32:23.008823
Clarington Home Hardware,plywood,4x8x5/8 PT Plywood,13863,$88.98,/each,https://claringtonhomehardware.com/p/4x8x58-pt-plywood/13863,https://ik.imagekit.io/toolbx/p_1693541447788_96e7642b-7a40-40f5-b6c1-46b89fe18d73_13863.jpg,2026-01-07 10:32:23.071824
Clarington Home Hardware,plywood,4x8x3/4 PT Plywood,13864,$99.85,/each,https://claringtonhomehardware.com/p/4x8x34-pt-plywood/13864,https://ik.imagekit.io/toolbx/p_1693541453099_b9d12400-5042-4d0e-b890-182c4b6a021b_13864.jpg,2026-01-07 10:32:23.136824
Clarington Home Hardware,plywood,"4x8x7/16"" OSB Board",2814855,$22.99,/each,https://claringtonhomehardware.com/p/4x8x716-osb-board/2814855,https://ik.imagekit.io/toolbx/p_1693541429643_6ffb6d38-c43d-44b5-bb41-531670724a38_2814855.jpg,2026-01-07 10:32:23.222824
Clarington Home Hardware,plywood,4x8x5/8 T&G SPF Plywood,2817487,$57.19,/each,https://claringtonhomehardware.com/p/4x8x58-tg-spf-plywood/2817487,https://ik.imagekit.io/toolbx/p_1693541683906_3a6026d8-b56e-4625-8570-c2a4503c83df_2817487.jpg,2026-01-07 10:32:23.284823
Clarington Home Hardware,plywood,"4x8x1/2"" Maple Plywood",2821409,$119.00,/each,https://claringtonhomehardware.com/p/4x8x12-maple-plywood/2821409,https://ik.imagekit.io/toolbx/p_1693541732676_6eb5dc17-17b9-45d5-8a36-0f31399e7ffd_2821409.jpg,2026-01-07 10:32:23.347824
Clarington Home Hardware,plywood,"4x8x1/2"" Red Oak Plywood",2816447,$88.99,/each,https://claringtonhomehardware.com/p/4x8x12-red-oak-plywood/2816447,https://ik.imagekit.io/toolbx/p_1693541717813_dcb689c5-4327-4b79-b4ee-8f0e9eb4eb3d_2816447.jpg,2026-01-07 10:32:23.415823
Clarington Home Hardware,plywood,"4x8x1/2"" G1S Plywood",2811527,$59.99,/each,https://claringtonhomehardware.com/p/4x8x12-g1s-plywood/2811527,https://ik.imagekit.io/toolbx/p_1693541319086_66724875-890d-4ea9-94dd-70185d2c04c7_2811527.jpg,2026-01-07 10:32:23.477824
Clarington Home Hardware,plywood,"4x8x3/4"" Red Oak Plywood",2816445,$98.99,/each,https://claringtonhomehardware.com/p/4x8x34-red-oak-plywood/2816445,https://ik.imagekit.io/toolbx/p_1693541713560_05838f22-ca2a-4515-9e48-ffbb882e7e1a_2816445.jpg,2026-01-07 10:32:23.574824
Clarington Home Hardware,plywood,4x8x3/4 SPF Plywood,2817489,$65.99,/each,https://claringtonhomehardware.com/p/4x8x34-spf-plywood/2817489,https://ik.imagekit.io/toolbx/p_1693541688622_105bd254-38ee-4b14-b4ae-0264846ced26_2817489.jpg,2026-01-07 10:32:23.634958
Clarington Home Hardware,plywood,"4x8x1/4"" G1S Plywood",2811523,$44.98,/each,https://claringtonhomehardware.com/p/4x8x14-g1s-plywood/2811523,https://ik.imagekit.io/toolbx/p_1693541309650_92246b2b-ce50-4f2f-bed8-b50025b6ec65_2811523.jpg,2026-01-07 10:32:23.694823
Clarington Home Hardware,plywood,4x8x1/2 SPF Plywood,2817483,$42.60,/each,https://claringtonhomehardware.com/p/4x8x12-spf-plywood/2817483,https://ik.imagekit.io/toolbx/p_1693541674141_d0431fef-09ae-4f47-a198-76f223cc6f69_2817483.jpg,2026-01-07 10:32:23.750823
Clarington Home Hardware,plywood,4x8x5/8 SPF Plywood,2817485,$56.79,/each,https://claringtonhomehardware.com/p/4x8x58-spf-plywood/2817485,https://ik.imagekit.io/toolbx/p_1693541679028_3564cd1c-864b-43cb-b19c-148a6e62ff3b_2817485.jpg,2026-01-07 10:32:23.814824
Clarington Home Hardware,plywood,"4x8x3/4"" Birch Plywood",2820123,$84.89,/each,https://claringtonhomehardware.com/p/4x8x34-birch-plywood/2820123,https://ik.imagekit.io/toolbx/p_1693541727811_cd58186f-ed50-4ecd-8169-9fff87792b5d_2820123.jpg,2026-01-07 10:32:23.873823
Clarington Home Hardware,plywood,4x8x3/4 T&G SPF Plywood,2817491,$66.49,/each,https://claringtonhomehardware.com/p/4x8x34-tg-spf-plywood/2817491,https://ik.imagekit.io/toolbx/p_1693541693177_5d91d264-a155-4d36-b121-f7d153cd190e_2817491.jpg,2026-01-07 10:32:23.928824
Clarington Home Hardware,plywood,"4x8x1/2"" Birch Plywood",2820113,$72.49,/each,https://claringtonhomehardware.com/p/4x8x12-birch-plywood/2820113,https://ik.imagekit.io/toolbx/p_1693541839771_a48ea503-9b85-4c44-9f97-befb717e1fa3_2820113.jpg,2026-01-07 10:32:23.981823
Clarington Home Hardware,plywood,4x8x1/2 PT Plywood,13862,$71.94,/each,https://claringtonhomehardware.com/p/4x8x12-pt-plywood/13862,https://ik.imagekit.io/toolbx/p_1693541443265_578c5d61-573c-4bcc-9f29-f98446eb72fa_13862.jpg,2026-01-07 10:32:24.036823
Clarington Home Hardware,plywood,"4x8x1/4"" OSB Board",2814849,$21.50,/each,https://claringtonhomehardware.com/p/4x8x14-osb-board/2814849,https://ik.imagekit.io/toolbx/p_1693541425202_b52880c4-549f-420e-ac69-278822ab7096_2814849.jpg,2026-01-07 10:32:24.090823
