category,name,sku,price,unit,url,image
Lumber,2x4x8' Premium SPF,248,3.99,/each,https://downtownlumber.com/p/2x4x8-premium-spf/248,https://ik.imagekit.io/toolbx/p_1657819298557_94b2306e-d666-4215-a638-23b866c2dd06.jpg
Lumber,2x4x10' Premium SPF,2410,5.99,/each,https://downtownlumber.com/p/2x4x10-premium-spf/2410,https://ik.imagekit.io/toolbx/p_1657819287067_c68fa396-3582-4afd-b7f8-b4840c9a533b.jpg
Lumber,2x6x8' Premium WR Cedar,268C,34.99,/each,https://downtownlumber.com/p/2x6x8-premium-wr-cedar/268C,https://ik.imagekit.io/toolbx/ecommerce/DTL/10.03.22/2x6cedar.png
Lumber,2x4x12' Premium WR Cedar,2412C,24.99,/each,https://downtownlumber.com/p/2x4x12-premium-wr-cedar/2412C,https://ik.imagekit.io/toolbx/ecommerce/DTL/10.03.22/2x4cedar.png
Lumber,2x6x8' Premium SPF,268,6.79,/each,https://downtownlumber.com/p/2x6x8-premium-spf/268,https://ik.imagekit.io/toolbx/ecommerce/DTL/16.9.22/268.png
Lumber,2x10x12' Premium SPF,21012,27.98,/each,https://downtownlumber.com/p/2x10x12-premium-spf/21012,https://ik.imagekit.io/toolbx/p_1657819320547_cc0bcfb4-086b-4022-a95f-844ec228d4aa.jpg
Lumber,2x4x10' Premium WR Cedar,2410C,20.99,/each,https://downtownlumber.com/p/2x4x10-premium-wr-cedar/2410C,https://ik.imagekit.io/toolbx/ecommerce/DTL/10.03.22/2x4cedar.png
Lumber,2x12x12' Premium SPF,21212,47.98,/each,https://downtownlumber.com/p/2x12x12-premium-spf/21212,https://ik.imagekit.io/toolbx/p_1657819298145_11926902-f7a7-41cd-b80f-7a1c8647c009.jpg
Lumber,2x2x8' Premium SPF,228,3.69,/each,https://downtownlumber.com/p/2x2x8-premium-spf/228,https://ik.imagekit.io/toolbx/p_1668056692613_550ebe94-2153-4764-99f4-d357848ea7f6_228.jpg
Lumber,2x6x10' Premium WR Cedar,2610C,39.99,/each,https://downtownlumber.com/p/2x6x10-premium-wr-cedar/2610C,https://ik.imagekit.io/toolbx/ecommerce/DTL/10.03.22/2x6cedar.png
Lumber,2x8x12' Premium SPF,2812,22.99,/each,https://downtownlumber.com/p/2x8x12-premium-spf/2812,https://ik.imagekit.io/toolbx/ecommerce/DTL/16.9.22/2812.png
Lumber,5/4x6x8' Cedar Deck Boards WR,548C,24.99,/each,https://downtownlumber.com/p/54x6x8-cedar-deck-boards-wr/548C,https://ik.imagekit.io/toolbx/ecommerce/DTL/10.03.22/54x6cedar.png
Lumber,2x6x10' Premium SPF,2610,10.99,/each,https://downtownlumber.com/p/2x6x10-premium-spf/2610,https://ik.imagekit.io/toolbx/p_1657820448988_6655d606-dec4-4487-b5a7-2b0971ea840b.jpg
Lumber,2x4x8' Sienna Pressure Treated Lumber,248PT,7.99,/each,https://downtownlumber.com/p/2x4x8-sienna-pressure-treated-lumber/248PT,https://ik.imagekit.io/toolbx/p_1657819314406_4ba13b9f-58f1-42ad-818f-779a53a50f0f.jpg
Lumber,2x4x8' Premium WR Cedar,248C,17.99,/each,https://downtownlumber.com/p/2x4x8-premium-wr-cedar/248C,https://ik.imagekit.io/toolbx/ecommerce/DTL/10.03.22/2x4cedar.png
Lumber,2x4x10' Sienna Pressure Treated Lumber,2410PT,9.99,/each,https://downtownlumber.com/p/2x4x10-sienna-pressure-treated-lumber/2410PT,https://ik.imagekit.io/toolbx/p_1657819324941_74549fda-b2ae-4386-8f2d-3ed9d7e0cd39.jpg
Lumber,2x6x12' Premium SPF,2612,13.49,/each,https://downtownlumber.com/p/2x6x12-premium-spf/2612,https://ik.imagekit.io/toolbx/ecommerce/DTL/16.9.22/2612.png
Lumber,2x6x12' Premium WR Cedar,2612C,53.99,/each,https://downtownlumber.com/p/2x6x12-premium-wr-cedar/2612C,https://ik.imagekit.io/toolbx/ecommerce/DTL/10.03.22/2x6cedar.png
Lumber,2x4x16' Premium WR Cedar,2416C,29.99,/each,https://downtownlumber.com/p/2x4x16-premium-wr-cedar/2416C,https://ik.imagekit.io/toolbx/ecommerce/DTL/10.03.22/2x4cedar.png
Lumber,5/4x6x10' Cedar Deck Boards WR,5410C,28.99,/each,https://downtownlumber.com/p/54x6x10-cedar-deck-boards-wr/5410C,https://ik.imagekit.io/toolbx/ecommerce/NCL/54X6CEDAR.png
Lumber,5/4x6x8' Sienna Pressure Treated Lumber Deck Boards,548PT,10.29,/each,https://downtownlumber.com/p/54x6x8-sienna-pressure-treated-lumber-deck-boards/548PT,https://ik.imagekit.io/toolbx/p_1657819300039_90d6e827-914a-4e47-bf8e-090b907f3fe8.jpg
Lumber,2x4x12' Sienna Pressure Treated Lumber,2412PT,11.99,/each,https://downtownlumber.com/p/2x4x12-sienna-pressure-treated-lumber/2412PT,https://ik.imagekit.io/toolbx/p_1657819314406_4ba13b9f-58f1-42ad-818f-779a53a50f0f.jpg
Lumber,2x6x8' Sienna Pressure Treated Lumber,268PT,13.99,/each,https://downtownlumber.com/p/2x6x8-sienna-pressure-treated-lumber/268PT,https://ik.imagekit.io/toolbx/p_1657819414434_c2a45698-8089-4dda-a75c-3811eb059963.jpg
Lumber,4x4x8' Sienna Pressure Treated Lumber,448PT,17.49,/each,https://downtownlumber.com/p/4x4x8-sienna-pressure-treated-lumber/448PT,https://ik.imagekit.io/toolbx/p_1657819305956_8b684e6b-a718-4347-9f3f-b5749523e1cd.jpg
Lumber,2x10x16' Premium SPF,21016,37.98,/each,https://downtownlumber.com/p/2x10x16-premium-spf/21016,https://ik.imagekit.io/toolbx/p_1657819401807_9c52fb82-cc79-4e83-b02a-09924fd0cc5c.jpg
Lumber,5/4x6x16' Sienna Pressure Treated Lumber Deck Boards,5416PT,20.49,/each,https://downtownlumber.com/p/54x6x16-sienna-pressure-treated-lumber-deck-boards/5416PT,https://ik.imagekit.io/toolbx/src-img/196482350772
Lumber,2x8x16' Premium SPF,2816,30.99,/each,https://downtownlumber.com/p/2x8x16-premium-spf/2816,https://ik.imagekit.io/toolbx/ecommerce/DTL/16.9.22/2816.png
Lumber,2x12x10' Premium SPF,21210,37.98,/each,https://downtownlumber.com/p/2x12x10-premium-spf/21210,https://ik.imagekit.io/toolbx/ecommerce/DTL/16.9.22/21210.png
Lumber,2x10x16' Sienna Pressure Treated Lumber,21016PT,49.99,/each,https://downtownlumber.com/p/2x10x16-sienna-pressure-treated-lumber/21016PT,https://ik.imagekit.io/toolbx/p_1657819359776_0baa258a-ea2d-4a7d-8f77-4b1947702ab5.jpg
Lumber,2x6x16' Premium SPF,2616,17.98,/each,https://downtownlumber.com/p/2x6x16-premium-spf/2616,https://ik.imagekit.io/toolbx/ecommerce/DTL/16.9.22/2616.png
Lumber,2x3x8' Premium SPF,238,3.69,/each,https://downtownlumber.com/p/2x3x8-premium-spf/238,https://toolbx-product-catalog.s3.us-east-1.amazonaws.com/ecommerce/CatalogOPSProject/TLBX/TLBX-01-109-0202.png
Lumber,2x4x16' Sienna Pressure Treated Lumber,2416PT,15.99,/each,https://downtownlumber.com/p/2x4x16-sienna-pressure-treated-lumber/2416PT,https://ik.imagekit.io/toolbx/p_1657819424128_f4f2210f-d09f-43d3-bd0f-8cef0dae9dfe.jpg
Lumber,2x4x16' Premium SPF,2416,9.99,/each,https://downtownlumber.com/p/2x4x16-premium-spf/2416,https://ik.imagekit.io/toolbx/p_1657826466370_6ff038af-6b2e-4ea4-b3c8-eaeb826ef922.jpg
Lumber,2x6x18' Premium SPF,2618,24.98,/each,https://downtownlumber.com/p/2x6x18-premium-spf/2618,https://ik.imagekit.io/toolbx/ecommerce/DTL/16.9.22/2618.png
Lumber,2x4x12' Premium SPF,2412,7.49,/each,https://downtownlumber.com/p/2x4x12-premium-spf/2412,https://ik.imagekit.io/toolbx/p_1657819298557_94b2306e-d666-4215-a638-23b866c2dd06.jpg
Lumber,2x8x8' Premium SPF,288,15.49,/each,https://downtownlumber.com/p/2x8x8-premium-spf/288,https://ik.imagekit.io/toolbx/p_1657848606532_e92a764b-572f-4df9-afc1-63fc40e76cdc.jpg
Lumber,2x8x12' Premium WR Cedar,2812C,77.98,/each,https://downtownlumber.com/p/2x8x12-premium-wr-cedar/2812C,https://ik.imagekit.io/toolbx/ecommerce/DTL/10.03.22/2x8cedar.png
Lumber,2x8x16' Sienna Pressure Treated Lumber,2816PT,37.50,/each,https://downtownlumber.com/p/2x8x16-sienna-pressure-treated-lumber/2816PT,https://ik.imagekit.io/toolbx/p_1657819327268_67627b1a-8445-44cf-b2c4-bab17d2eaf6f.jpg
Lumber,"2x6x104-5/8"" Premium SPF",26104,8.49,/each,https://downtownlumber.com/p/2x6x104-58-premium-spf/26104,https://ik.imagekit.io/toolbx/p_1657819287537_83cc59f5-7c82-4672-91ed-8f5fe7a836f2.jpg
Lumber,"2x6x92-5/8"" Premium SPF",2692,6.79,/each,https://downtownlumber.com/p/2x6x92-58-premium-spf/2692,https://ik.imagekit.io/toolbx/p_1657819313555_6f119f7f-0226-4536-8b01-f04f6040865f.jpg
Lumber,"2x6x116-5/8"" Premium SPF",26116,15.49,/each,https://downtownlumber.com/p/2x6x116-58-premium-spf/26116,https://ik.imagekit.io/toolbx/p_1657818806401_9804fbf4-2a0a-4a3d-982f-15c0a6e8b937.jpg
Lumber,2x6x12' Sienna Pressure Treated Lumber,2612PT,20.99,/each,https://downtownlumber.com/p/2x6x12-sienna-pressure-treated-lumber/2612PT,https://ik.imagekit.io/toolbx/ecommerce/DTL/16.9.22/2612PT_.png
Lumber,1x6x8' Sienna Pressure Treated Lumber Fence Boards,168PT,6.79,/each,https://downtownlumber.com/p/1x6x8-sienna-pressure-treated-lumber-fence-boards/168PT,https://ik.imagekit.io/toolbx/p_1657818807022_aa06541c-d6cc-4875-bb17-b88c6be3b563.jpg
Lumber,2x6x14' Premium SPF,2614,16.49,/each,https://downtownlumber.com/p/2x6x14-premium-spf/2614,https://ik.imagekit.io/toolbx/p_1657814461342_d9c77f87-e110-4635-9ecf-f2c443d4a9a5.jpg
Lumber,5/4x6x12' Sienna Pressure Treated Lumber Deck Boards,5412PT,15.49,/each,https://downtownlumber.com/p/54x6x12-sienna-pressure-treated-lumber-deck-boards/5412PT,https://ik.imagekit.io/toolbx/p_1657819292776_5e50a6a3-bd6f-472a-ac6a-dcb7a65459ee.jpg
Lumber,4x4x10' Sienna Pressure Treated Lumber,4410PT,21.99,/each,https://downtownlumber.com/p/4x4x10-sienna-pressure-treated-lumber/4410PT,https://ik.imagekit.io/toolbx/p_1657819305519_25b29c9d-255a-4136-a07a-06e85e65a8c8.jpg
Lumber,2x12x12' Sienna Pressure Treated Lumber,21212PT,52.99,/each,https://downtownlumber.com/p/2x12x12-sienna-pressure-treated-lumber/21212PT,https://ik.imagekit.io/toolbx/p_1657814461881_06ee5b07-3f0c-40c9-9224-e0b91d2e9d7d.jpg
Lumber,1x6x6' Sienna Pressure Treated Lumber Fence Boards,166PT,4.99,/each,https://downtownlumber.com/p/1x6x6-sienna-pressure-treated-lumber-fence-boards/166PT,https://ik.imagekit.io/toolbx/p_1657814496275_d8fb8d31-2311-4823-8b09-f3d031f4a502.jpg
Lumber,5/4x6x12' Cedar Deck Boards WR,5412C,36.99,/each,https://downtownlumber.com/p/54x6x12-cedar-deck-boards-wr/5412C,https://ik.imagekit.io/toolbx/ecommerce/DTL/10.03.22/54x6cedar.png
Lumber,4x4x12' Sienna Pressure Treated Lumber,4412PT,26.99,/each,https://downtownlumber.com/p/4x4x12-sienna-pressure-treated-lumber/4412PT,https://ik.imagekit.io/toolbx/p_1657818798387_0957a3d2-7ff3-4cf8-a641-a9c9c9dc4183.jpg
Lumber,2x10x12' Sienna Pressure Treated Lumber,21012PT,37.98,/each,https://downtownlumber.com/p/2x10x12-sienna-pressure-treated-lumber/21012PT,https://ik.imagekit.io/toolbx/p_1657819288092_039fa7a4-13f7-4eab-9e81-562f772b0abf.jpg
Lumber,1x6x12' Sienna Pressure Treated Lumber Fence Boards,1612PT,11.99,/each,https://downtownlumber.com/p/1x6x12-sienna-pressure-treated-lumber-fence-boards/1612PT,https://ik.imagekit.io/toolbx/p_1657819333419_dd7a2363-a6c2-420e-b199-f195c924e93d.jpg
Lumber,1x6x5' Sienna Pressure Treated Lumber Fence Boards,165PT,4.19,/each,https://downtownlumber.com/p/1x6x5-sienna-pressure-treated-lumber-fence-boards/165PT,https://ik.imagekit.io/toolbx/p_1657818797256_f85155bb-bc91-42f2-835b-65060058e7b6.jpg
Lumber,5/4x6x16' Cedar Deck Boards WR,5416C,54.99,/each,https://downtownlumber.com/p/54x6x16-cedar-deck-boards-wr/5416C,https://ik.imagekit.io/toolbx/ecommerce/DTL/10.03.22/54x6cedar.png
Lumber,"2x4x116-5/8"" Premium SPF",24116,7.99,/each,https://downtownlumber.com/p/2x4x116-58-premium-spf/24116,https://ik.imagekit.io/toolbx/p_1657819381355_21bf7a82-20bf-495a-a3e1-2691b9fa0e0e.jpg
Lumber,2x6x16' Premium WR Cedar,2616C,69.98,/each,https://downtownlumber.com/p/2x6x16-premium-wr-cedar/2616C,https://ik.imagekit.io/toolbx/ecommerce/DTL/10.03.22/2x6cedar.png
Lumber,2x10x8' Sienna Pressure Treated Lumber,2108PT,24.99,/each,https://downtownlumber.com/p/2x10x8-sienna-pressure-treated-lumber/2108PT,https://ik.imagekit.io/toolbx/p_1657819291660_a1c9ecb6-e2fb-4349-a7fb-a67da62c9d3a.jpg
Lumber,2x8x8' Premium WR Cedar,288C,51.98,/each,https://downtownlumber.com/p/2x8x8-premium-wr-cedar/288C,https://ik.imagekit.io/toolbx/ecommerce/DTL/10.03.22/2x8cedar.png
Lumber,5/4x6x10' Sienna Pressure Treated Lumber Deck Boards,5410PT,12.99,/each,https://downtownlumber.com/p/54x6x10-sienna-pressure-treated-lumber-deck-boards/5410PT,https://ik.imagekit.io/toolbx/p_1657819318953_c4fec814-5bd3-473a-9996-9a6a3354358e.jpg
Lumber,2x8x10' Premium SPF,2810,18.98,/each,https://downtownlumber.com/p/2x8x10-premium-spf/2810,https://ik.imagekit.io/toolbx/ecommerce/DTL/16.9.22/2810.png
Lumber,2x12x16' Premium SPF,21216,66.98,/each,https://downtownlumber.com/p/2x12x16-premium-spf/21216,https://ik.imagekit.io/toolbx/p_1657819382222_5c7a3340-a7c7-47c7-bd96-4caab0a8e211.jpg
Lumber,"2x4x104-5/8"" Premium SPF",24104,4.99,/each,https://downtownlumber.com/p/2x4x104-58-premium-spf/24104,https://ik.imagekit.io/toolbx/p_1657822127099_3ef08264-33c1-4734-a5d3-d76524b26bac.jpg
Lumber,4x4x10' Rough SPF,4410,19.98,/each,https://downtownlumber.com/p/4x4x10-rough-spf/4410,https://ik.imagekit.io/toolbx/4410spruce.png
Lumber,2x10x10' Premium SPF,21010,24.49,/each,https://downtownlumber.com/p/2x10x10-premium-spf/21010,https://ik.imagekit.io/toolbx/ecommerce/DTL/16.9.22/21010.png
Lumber,6x6x16' Sienna Pressure Treated Lumber,6616PT,89.95,/each,https://downtownlumber.com/p/6x6x16-sienna-pressure-treated-lumber/6616PT,https://ik.imagekit.io/toolbx/p_1657814485298_e0eb9817-ffbb-4ed4-bf7f-f2a2acf55d83.jpg
Lumber,"2x4x92-5/8"" Premium SPF",2492,4.29,/each,https://downtownlumber.com/p/2x4x92-58-premium-spf/2492,https://ik.imagekit.io/toolbx/p_1657818797830_96d99292-9a2e-4dbf-add7-df5fbc023f8a.jpg
Lumber,2x6x16' Sienna Pressure Treated Lumber,2616PT,27.98,/each,https://downtownlumber.com/p/2x6x16-sienna-pressure-treated-lumber/2616PT,https://ik.imagekit.io/toolbx/p_1657819394432_65894fb1-f89e-469e-971e-4d09284a2251.jpg
Lumber,6x6x12' Sienna Pressure Treated Lumber,6612PT,67.25,/each,https://downtownlumber.com/p/6x6x12-sienna-pressure-treated-lumber/6612PT,https://ik.imagekit.io/toolbx/p_1657819372913_e5513d4c-a102-42f4-a720-2f642c22506b.jpg
Lumber,2x8x14' Brown Pressure Treated Lumber,2814PT,32.99,/each,https://downtownlumber.com/p/2x8x14-brown-pressure-treated-lumber/2814PT,https://ik.imagekit.io/toolbx/p_1657848662453_975c6f14-f07b-4f02-b949-4d7e50658f9d.jpg
Lumber,PL Premium Construction Adhesive 295ml,2030581,9.59,/each,https://downtownlumber.com/p/pl-premium-construction-adhesive-295ml/2030581,https://ik.imagekit.io/toolbx/p_1657819430302_7d81d25c-bb96-464f-bf07-64fded57a330.jpg
Lumber,2x10x10' Sienna Pressure Treated Lumber,21010PT,31.19,/each,https://downtownlumber.com/p/2x10x10-sienna-pressure-treated-lumber/21010PT,https://ik.imagekit.io/toolbx/p_1657819325556_e1e77dc0-7f97-4f3b-a0e8-7ed32d49e870.jpg
Lumber,2x12x10' Sienna Pressure Treated Lumber,21210PT,44.98,/each,https://downtownlumber.com/p/2x12x10-sienna-pressure-treated-lumber/21210PT,https://ik.imagekit.io/toolbx/p_1657819318408_f5503a44-25de-47dd-b607-a5341b64a936.jpg
Lumber,1x6x8' Premium WR Cedar Fence Boards,168C,14.99,/each,https://downtownlumber.com/p/1x6x8-premium-wr-cedar-fence-boards/168C,https://ik.imagekit.io/toolbx/ecommerce/DTL/10.03.22/1x6cedar.png
Lumber,2x8x10' Sienna Pressure Treated Lumber,2810PT,23.50,/each,https://downtownlumber.com/p/2x8x10-sienna-pressure-treated-lumber/2810PT,https://ik.imagekit.io/toolbx/p_1657819290430_a97e2878-e16b-478c-a4fe-397be75a3ab6.jpg
Lumber,2x6x10' Sienna Pressure Treated Lumber,2610PT,17.49,/each,https://downtownlumber.com/p/2x6x10-sienna-pressure-treated-lumber/2610PT,https://ik.imagekit.io/toolbx/p_1657819406086_923b451a-752d-4edb-b197-6e549b96cb8a.jpg
Lumber,1x4x8' SPF,148,3.79,/each,https://downtownlumber.com/p/1x4x8-spf/148,https://ik.imagekit.io/toolbx/p_1657819305070_380e711e-5924-4904-afbd-9b0df897af56.jpg
Lumber,2x8x8' Sienna Pressure Treated Lumber,288PT,18.99,/each,https://downtownlumber.com/p/2x8x8-sienna-pressure-treated-lumber/288PT,https://ik.imagekit.io/toolbx/ecommerce/DTL/16.9.22/288PT_.jpg
Lumber,"I-Joist, P3-40 (2x3) 11-7/8x12'",RFPI401178-12,47.88,/each,https://downtownlumber.com/p/i-joist-p3-40-2x3-11-78x12/RFPI401178-12,https://ik.imagekit.io/toolbx/i_joist.jpg
Lumber,"I-Joist, P3-40 (2x3) 9-1/2x12'",RFPI40912-12,44.28,/each,https://downtownlumber.com/p/i-joist-p3-40-2x3-9-12x12/RFPI40912-12,https://ik.imagekit.io/toolbx/i_joist.jpg
Lumber,1x4x16' Kiln Dried Spruce Strapping,1416,7.99,/each,https://downtownlumber.com/p/1x4x16-kiln-dried-spruce-strapping/1416,https://ik.imagekit.io/toolbx/p_1657847715755_b3a89612-2cef-4a48-ac46-1b7c44a79dee.jpg
Lumber,2x6x14' Sienna Pressure Treated Lumber,2614PT,24.39,/each,https://downtownlumber.com/p/2x6x14-sienna-pressure-treated-lumber/2614PT,https://ik.imagekit.io/toolbx/p_1657814484799_678e299e-5b5a-4b53-ba91-42d891eeaf65.jpg
Lumber,1x6x6' Premium WR Cedar Fence Boards,166C,10.59,/each,https://downtownlumber.com/p/1x6x6-premium-wr-cedar-fence-boards/166C,https://ik.imagekit.io/toolbx/ecommerce/DTL/10.03.22/1x6cedar.png
Lumber,"I-Joist, P3-80 (2x4) 11-7/8x12'",RFPI801178-12,65.88,/each,https://downtownlumber.com/p/i-joist-p3-80-2x4-11-78x12/RFPI801178-12,https://ik.imagekit.io/toolbx/i_joist.jpg
Lumber,2x10x8' Premium SPF,2108,18.98,/each,https://downtownlumber.com/p/2x10x8-premium-spf/2108,https://ik.imagekit.io/toolbx/ecommerce/DTL/16.9.22/2108.png
Lumber,2x8x12' Sienna Pressure Treated Lumber,2812PT,28.19,/each,https://downtownlumber.com/p/2x8x12-sienna-pressure-treated-lumber/2812PT,https://ik.imagekit.io/toolbx/p_1657819299465_c229f1cf-2e78-4088-bc13-8f3cc4d81869.jpg
Lumber,2x12x8' Premium SPF,2128,30.98,/each,https://downtownlumber.com/p/2x12x8-premium-spf/2128,https://ik.imagekit.io/toolbx/ecommerce/DTL/16.9.22/2128.png
Lumber,2x12x16' Sienna Pressure Treated Lumber,21216PT,69.98,/each,https://downtownlumber.com/p/2x12x16-sienna-pressure-treated-lumber/21216PT,https://ik.imagekit.io/toolbx/p_1657818793409_e824ff60-1bdf-47bd-91e8-1fac3f83795e.jpg
Lumber,1x6x8' Kiln Dried Spruce Strapping,168,5.99,/each,https://downtownlumber.com/p/1x6x8-kiln-dried-spruce-strapping/168,https://ik.imagekit.io/toolbx/p_1657819351540_db87aabc-23c8-4b5b-b811-e84ef098414f.jpg
Lumber,"I-Joist, P3-40 (2x3) 11-7/8x8'",RFPI401178,31.92,/each,https://downtownlumber.com/p/i-joist-p3-40-2x3-11-78x8/RFPI401178,https://ik.imagekit.io/toolbx/i_joist.jpg
Lumber,"I-Joist, P3-80 (2x4) 11-7/8x8'",RFPI801178,43.92,/each,https://downtownlumber.com/p/i-joist-p3-80-2x4-11-78x8/RFPI801178,https://ik.imagekit.io/toolbx/i_joist.jpg
Lumber,"I-Joist, P3-40 (2x3) 9-1/2x8'",RFPI40912,29.52,/each,https://downtownlumber.com/p/i-joist-p3-40-2x3-9-12x8/RFPI40912,https://ik.imagekit.io/toolbx/i_joist.jpg
Lumber,"Sill Gasket 82 ft x5-1/2""",2611221,18.99,/each,https://downtownlumber.com/p/sill-gasket-82-ft-x5-12/2611221,https://ik.imagekit.io/toolbx/p_1669612269855_be3e254a-1022-4e33-8744-0f28adfe7889_2611221.jpg
Lumber,"Spiral Ardox Galvanized Nails 6"" -50lbs",2130900,169.99,/each,https://downtownlumber.com/p/spiral-ardox-galvanized-nails-6-50lbs/2130900,https://ik.imagekit.io/toolbx/p_1666899147563_202584e2-3a44-4883-9132-b484291b05da_2130900.jpg
Lumber,Titebond Subfloor Adhesive 828ml or LePage PL400 Subfloor Adhesive 825ml,2032943,14.99,/each,https://downtownlumber.com/p/titebond-subfloor-adhesive-828ml-or-lepage-pl400-subfloor-adhesive-825ml/2032943,https://ik.imagekit.io/toolbx/p_1681272818182_c9cddb62-7382-4cba-8b04-bb43f83e15b7_2032943.jpg
Lumber,2x2x10' Select SPF,2210,4.99,/each,https://downtownlumber.com/p/2x2x10-select-spf/2210,https://toolbx-product-catalog.s3.us-east-1.amazonaws.com/ecommerce/CatalogOPSProject/TLBX/TLBX-01-109-0202.png
Lumber,1x2x8' SPF,128,1.99,/each,https://downtownlumber.com/p/1x2x8-spf/128,https://toolbx-product-catalog.s3.us-east-1.amazonaws.com/ecommerce/CatalogOPSProject/TLBX/TLBX-01-109-0102.png
Lumber,"I-Joist, P3-40 (2x3) 9-1/2x10'",RFPI40912-10,36.90,/each,https://downtownlumber.com/p/i-joist-p3-40-2x3-9-12x10/RFPI40912-10,https://ik.imagekit.io/toolbx/i_joist.jpg
Lumber,"Joist Hanger Nails Galv 1-1/2"" 350 pack",2145208,27.99,/each,https://downtownlumber.com/p/joist-hanger-nails-galv-1-12-350-pack/2145208,https://ik.imagekit.io/toolbx/p_1657819334802_c162b2ba-2515-4705-b902-653636fa4acd.jpg
Lumber,3-Step Sienna Pressure Treated Stair Stringer,3STEP,21.99,/each,https://downtownlumber.com/p/3-step-sienna-pressure-treated-stair-stringer/3STEP,https://ik.imagekit.io/toolbx/p_1657814472227_dc77bb82-37a6-4e7c-96ed-446418ac0566.jpg
Lumber,"I-Joist, P3-40 (2x3) 11-7/8x10'",RFPI401178-10,39.90,/each,https://downtownlumber.com/p/i-joist-p3-40-2x3-11-78x10/RFPI401178-10,https://ik.imagekit.io/toolbx/i_joist.jpg
Lumber,2x4x14' Premium SPF,2414,8.79,/each,https://downtownlumber.com/p/2x4x14-premium-spf/2414,https://ik.imagekit.io/toolbx/p_1657814487907_0e58e7de-f8e2-4bc3-a0de-5957bc6a0644.jpg
Lumber,"I-Joist, P3-80 (2x4) 11-7/8x10'",RFPI801178-10,54.90,/each,https://downtownlumber.com/p/i-joist-p3-80-2x4-11-78x10/RFPI801178-10,https://ik.imagekit.io/toolbx/i_joist.jpg
Lumber,"4x8x7/16"" Brown Privacy Plus Pressure Treated Lattice",4PPLAT,59.99,/each,https://downtownlumber.com/p/4x8x716-brown-privacy-plus-pressure-treated-lattice/4PPLAT,https://ik.imagekit.io/toolbx/src-img/124273758789
Lumber,1x3x8' SPF,138,2.99,/each,https://downtownlumber.com/p/1x3x8-spf/138,https://ik.imagekit.io/toolbx/src-img/197660502061
Lumber,1x6x5' Premium WR Cedar Fence Boards,165C,8.99,/each,https://downtownlumber.com/p/1x6x5-premium-wr-cedar-fence-boards/165C,https://ik.imagekit.io/toolbx/ecommerce/DTL/10.03.22/1x6cedar.png
Lumber,"Joist Hanger Nails 1-1/2""x9Ga 125 pack",2145128,9.99,/each,https://downtownlumber.com/p/joist-hanger-nails-1-12x9ga-125-pack/2145128,https://ik.imagekit.io/toolbx/p_1657819445305_989737ba-662e-47be-82aa-ea7f6dedb3b9.jpg
Lumber,2x4x8' Grooved Sienna Pressure Treated Lumber,248PTG,12.99,/each,https://downtownlumber.com/p/2x4x8-grooved-sienna-pressure-treated-lumber/248PTG,https://ik.imagekit.io/toolbx/src-img/183591665951
Lumber,2x12x8' Sienna Pressure Treated Lumber,2128PT,34.99,/each,https://downtownlumber.com/p/2x12x8-sienna-pressure-treated-lumber/2128PT,https://ik.imagekit.io/toolbx/ecommerce/DTL/16.9.22/2128PT_.png
Lumber,2x2x8' Sienna Pressure Treated Lumber,228PT,5.49,/each,https://downtownlumber.com/p/2x2x8-sienna-pressure-treated-lumber/228PT,https://toolbx-product-catalog.s3.us-east-1.amazonaws.com/ecommerce/CatalogOPSProject/TLBX/TLBX-01-104-0202.png
Lumber,5/4x6x14' Sienna Pressure Treated Lumber Deck Boards,5414PT,17.99,/each,https://downtownlumber.com/p/54x6x14-sienna-pressure-treated-lumber-deck-boards/5414PT,https://ik.imagekit.io/toolbx/p_1657819159357_a20a75b3-56ae-4f25-9cf6-2875d27f2184.jpg
Lumber,"I-Joist, P3-40 (2x3) 11-7/8x16'",RFPI401178-16,63.84,/each,https://downtownlumber.com/p/i-joist-p3-40-2x3-11-78x16/RFPI401178-16,https://ik.imagekit.io/toolbx/i_joist.jpg
Lumber,"I-Joist, P3-80 (2x4) 11-7/8x16'",RFPI801178-16,87.84,/each,https://downtownlumber.com/p/i-joist-p3-80-2x4-11-78x16/RFPI801178-16,https://ik.imagekit.io/toolbx/i_joist.jpg
Lumber,1x2x8' Sienna Pressure Treated Lumber,128PT,3.99,/each,https://downtownlumber.com/p/1x2x8-sienna-pressure-treated-lumber/128PT,https://ik.imagekit.io/toolbx/p_1657819377150_2331ab54-0930-42a3-9ee4-02b970c98fc9.jpg
Lumber,1x6x12' Premium WR Cedar Fence Boards,1612C,21.49,/each,https://downtownlumber.com/p/1x6x12-premium-wr-cedar-fence-boards/1612C,https://ik.imagekit.io/toolbx/ecommerce/DTL/10.03.22/1x6cedar.png
Lumber,"I-Joist, P3-40 (2x3) 9-1/2x16'",RFPI40912-16,59.04,/each,https://downtownlumber.com/p/i-joist-p3-40-2x3-9-12x16/RFPI40912-16,https://ik.imagekit.io/toolbx/i_joist.jpg
Lumber,"I-Joist, P3-80 (2x4) 11-7/8x14'",RFPI801178-14,76.86,/each,https://downtownlumber.com/p/i-joist-p3-80-2x4-11-78x14/RFPI801178-14,https://ik.imagekit.io/toolbx/i_joist.jpg
Lumber,5/8x4x8' Standard Fir Pressure Treated Plywood,58PT,74.98,/each,https://downtownlumber.com/p/58x4x8-standard-fir-pressure-treated-plywood/58PT,https://ik.imagekit.io/toolbx/p_1657848658025_1ec502e0-9c0d-4973-847c-6a0100df6419.jpg
Lumber,"Brown Deck Screws 2"" - 20lbs",2183337,109.99,/each,https://downtownlumber.com/p/brown-deck-screws-2-20lbs/2183337,https://ik.imagekit.io/toolbx/src-img/105494611343
Lumber,"I-Joist, P3-40 (2x3) 11-7/8x14'",RFPI401178-14,55.86,/each,https://downtownlumber.com/p/i-joist-p3-40-2x3-11-78x14/RFPI401178-14,https://ik.imagekit.io/toolbx/i_joist.jpg
Lumber,"Brown Deck Screws 2-1/2""- 20lbs",2183342,109.99,/each,https://downtownlumber.com/p/brown-deck-screws-2-12-20lbs/2183342,https://ik.imagekit.io/toolbx/src-img/153392415596
Lumber,2x12x14' Premium SPF,21214,47.99,/each,https://downtownlumber.com/p/2x12x14-premium-spf/21214,https://ik.imagekit.io/toolbx/p_1657819397633_c3b95772-504e-44af-b40c-ed75bb995231.jpg
Lumber,Rimboard 1-1/8x11-7/8x12',11RIM,45.99,/each,https://downtownlumber.com/p/rimboard-1-18x11-78x12/11RIM,https://ik.imagekit.io/toolbx/p_1606681462485_1c1d5141-ac4e-43bc-95f1-829d6432fa95.jpg
Lumber,"I-Joist, P3-80 (2x4) 11-7/8x20'",RFPI801178-20,109.80,/each,https://downtownlumber.com/p/i-joist-p3-80-2x4-11-78x20/RFPI801178-20,https://ik.imagekit.io/toolbx/i_joist.jpg
Lumber,"Brown Deck Screws #8x3""- 20lbs",2183349,109.99,/each,https://downtownlumber.com/p/brown-deck-screws-8x3-20lbs/2183349,https://ik.imagekit.io/toolbx/src-img/153392415596
Lumber,1x6x10' Premium WR Cedar Fence Boards,1610C,17.99,/each,https://downtownlumber.com/p/1x6x10-premium-wr-cedar-fence-boards/1610C,https://ik.imagekit.io/toolbx/ecommerce/DTL/10.03.22/1x6cedar.png
Lumber,Rimboard 1-1/8x9-1/2x12',9RIM,39.99,/each,https://downtownlumber.com/p/rimboard-1-18x9-12x12/9RIM,https://ik.imagekit.io/toolbx/p_1606681462485_1c1d5141-ac4e-43bc-95f1-829d6432fa95.jpg
Lumber,"I-Joist, P3-40 (2x3) 11-7/8x20'",RFPI401178-20,79.80,/each,https://downtownlumber.com/p/i-joist-p3-40-2x3-11-78x20/RFPI401178-20,https://ik.imagekit.io/toolbx/i_joist.jpg
Lumber,Joist Hanger Double 2x6 G185,46JH,2.49,/each,https://downtownlumber.com/p/joist-hanger-double-2x6-g185/46JH,https://ik.imagekit.io/toolbx/p_1657821885570_441f1d28-69c0-481d-93e0-c3372d12b5e4.jpg
Lumber,"Joist Hanger Single 2x6"" 18 Gauge G185",26jh,1.59,/each,https://downtownlumber.com/p/joist-hanger-single-2x6-18-gauge-g185/26jh,https://ik.imagekit.io/toolbx/p_1657814445613_f7d3553b-f658-4201-ba3d-23791a29d6ab.jpg
Lumber,"Hanger For LVL 3-1/2x9-1/2"" HGUS410 Double Face Mount",HGUS410,24.99,/each,https://downtownlumber.com/p/hanger-for-lvl-3-12x9-12-hgus410-double-face-mount/HGUS410,https://ik.imagekit.io/toolbx/p_1657819435724_9fa36756-dfbc-430e-9bb1-7066fb400811.jpg
Lumber,3/4x4x8' Standard Fir Pressure Treated Plywood,34PT,88.99,/each,https://downtownlumber.com/p/34x4x8-standard-fir-pressure-treated-plywood/34PT,https://ik.imagekit.io/toolbx/p_1657819334298_bd00ff4f-2418-481b-afca-6083b1862b75.jpg
Lumber,"I-Joist, P3-40 (2x3) 9-1/2x18'",RFPI40912-18,66.42,/each,https://downtownlumber.com/p/i-joist-p3-40-2x3-9-12x18/RFPI40912-18,https://ik.imagekit.io/toolbx/i_joist.jpg
Lumber,"Yellow Zinc Plated All Purpose Screws #8x2-1/2""- 350 Pack",2182439,26.99,/each,https://downtownlumber.com/p/yellow-zinc-plated-all-purpose-screws-8x2-12-350-pack/2182439,https://ik.imagekit.io/toolbx/ecommerce/DTL/16.9.22/YZPAPS.png
Lumber,"2-1/2x9-1/2"" Top Mount Hanger",LT2595,4.99,/each,https://downtownlumber.com/p/2-12x9-12-top-mount-hanger/LT2595,https://ik.imagekit.io/toolbx/p_1657819303950_63587f30-a364-4293-b7d5-79790e86ffdc.jpg
Lumber,"Brown Deck Screws #10x3-1/2"" - 20lbs",2183356,109.99,/each,https://downtownlumber.com/p/brown-deck-screws-10x3-12-20lbs/2183356,https://ik.imagekit.io/toolbx/src-img/105494611343
Lumber,"I-Joist, P3-40 (2x3) 9-1/2x14'",RFPI40912-14,51.66,/each,https://downtownlumber.com/p/i-joist-p3-40-2x3-9-12x14/RFPI40912-14,https://ik.imagekit.io/toolbx/i_joist.jpg
Lumber,"I-Joist, P3-80 (2x4) 11-7/8x18'",RFPI801178-18,98.82,/each,https://downtownlumber.com/p/i-joist-p3-80-2x4-11-78x18/RFPI801178-18,https://ik.imagekit.io/toolbx/i_joist.jpg
Lumber,"Spiral Ardox Galvanized Nails 10""- 50 lbs.",2130937,184.99,/each,https://downtownlumber.com/p/spiral-ardox-galvanized-nails-10-50-lbs/2130937,https://ik.imagekit.io/toolbx/1574100529735
Lumber,"I-Joist, P3-40 (2x3) 9-1/2x20'",RFPI40912-20,73.80,/each,https://downtownlumber.com/p/i-joist-p3-40-2x3-9-12x20/RFPI40912-20,https://ik.imagekit.io/toolbx/i_joist.jpg
Lumber,"I-Joist, P3-40 (2x3) 11-7/8x18'",RFPI401178-18,71.82,/each,https://downtownlumber.com/p/i-joist-p3-40-2x3-11-78x18/RFPI401178-18,https://ik.imagekit.io/toolbx/i_joist.jpg
Lumber,"1x4"" Pine #1 (sold by LF)",14P,1.19,/foot,https://downtownlumber.com/p/1x4-pine-1-sold-by-lf/14P,https://ik.imagekit.io/toolbx/p_1657819429445_e298941b-d091-48aa-b648-861155e4242e.jpg
Lumber,1x8x16' SPF,1816,13.99,/each,https://downtownlumber.com/p/1x8x16-spf/1816,https://ik.imagekit.io/toolbx/p_1606680334142_b289d8b5-303e-4c37-b505-f469148b4e34.jpg
Lumber,"1x6"" Pine #1 (sold by LF)",16P,1.69,/foot,https://downtownlumber.com/p/1x6-pine-1-sold-by-lf/16P,https://ik.imagekit.io/toolbx/p_1657819451685_4c46263e-a359-437c-8b61-aee9cb460dcf.jpg
Lumber,"Yellow Zinc Plated All Purpose Screws #10x4""- 50 pc",2182444,22.99,/each,https://downtownlumber.com/p/yellow-zinc-plated-all-purpose-screws-10x4-50-pc/2182444,https://ik.imagekit.io/toolbx/ecommerce/DTL/16.9.22/YZPAPS.png
Lumber,2x8x20' Premium SPF,2820,39.98,/each,https://downtownlumber.com/p/2x8x20-premium-spf/2820,https://ik.imagekit.io/toolbx/p_1657832263167_771a5812-f3bc-4535-82a2-607686c4298c.jpg
Lumber,"Yellow Zinc Plated All Purpose Screws #8x2-1/2""- 2000bx",2183853,89.99,/each,https://downtownlumber.com/p/yellow-zinc-plated-all-purpose-screws-8x2-12-2000bx/2183853,https://ik.imagekit.io/toolbx/ecommerce/DTL/16.9.22/YZPAPS.png
Lumber,"2x4"" Pine #1 (sold by LF)",24P,1.99,/each,https://downtownlumber.com/p/2x4-pine-1-sold-by-lf/24P,https://ik.imagekit.io/toolbx/p_1657819085872_7244d084-7c1f-44b4-ae22-1546b7641982.jpg
Lumber,2x8x18' Premium SPF,2818,34.99,/each,https://downtownlumber.com/p/2x8x18-premium-spf/2818,https://ik.imagekit.io/toolbx/p_1657819404628_3113de0a-97d8-4993-ae0b-c56d57f0c8b0.jpg
Lumber,2x12x20' Premium SPF,21220,87.00,/each,https://downtownlumber.com/p/2x12x20-premium-spf/21220,https://ik.imagekit.io/toolbx/p_1657819317977_96f0775b-f7a0-4bb9-bd5d-eb26e1dfba08.jpg
Lumber,2x10x18' Premium SPF,21018,47.97,/each,https://downtownlumber.com/p/2x10x18-premium-spf/21018,https://ik.imagekit.io/toolbx/ecommerce/DTL/16.9.22/21018.png
Lumber,"1x8"" Pine #1 (sold by LF)",18P,2.19,/foot,https://downtownlumber.com/p/1x8-pine-1-sold-by-lf/18P,https://ik.imagekit.io/toolbx/p_1657820089993_8cea6678-a508-42d6-8497-612499155d55.jpg
Lumber,"Wood Screws Zinc Plated #8x3"" - 100 pc",2174676,16.99,/each,https://downtownlumber.com/p/wood-screws-zinc-plated-8x3-100-pc/2174676,https://ik.imagekit.io/toolbx/p_1670130564259_c0994e5a-62f6-4b7d-b342-907afc724d07_2174676.jpg
Lumber,"Ramset 1-1/2"" Ramset Nails - 100 Box",2154830,26.99,/each,https://downtownlumber.com/p/ramset-1-12-ramset-nails-100-box/2154830,https://ik.imagekit.io/toolbx/p_1657819404039_a9f3e430-b815-4a81-a211-2ea407dce354.jpg
Lumber,"Brown Deck Screws #8x3""- 100 pc",2183347,17.99,/each,https://downtownlumber.com/p/brown-deck-screws-8x3-100-pc/2183347,https://ik.imagekit.io/toolbx/src-img/105494611343
Lumber,3/4x3-1/2x8' Poplar Sanded Four Sides Moulding,148PP,32.99,/each,https://downtownlumber.com/p/34x3-12x8-poplar-sanded-four-sides-moulding/148PP,https://ik.imagekit.io/toolbx/p_1657814473693_39bf0516-4be2-449a-bdaa-96a21910bc8f.jpg
Lumber,"Hanger for LVL 1-3/4x9-1/2"" HUS18110 Single Face Mount",HUS18110,9.99,/each,https://downtownlumber.com/p/hanger-for-lvl-1-34x9-12-hus18110-single-face-mount/HUS18110,https://ik.imagekit.io/toolbx/p_1657819286463_71da5fea-edc4-46b2-aede-6699a83d63f2.jpg
Lumber,"Brown Deck Screws #8x2-1/2""- 100 pc",2183340,14.99,/each,https://downtownlumber.com/p/brown-deck-screws-8x2-12-100-pc/2183340,https://ik.imagekit.io/toolbx/p_1681618209346_81469522-0ccc-4d74-99e2-47c7a2ff1229_2183340.jpg
Lumber,2x10x20' Premium SPF,21020,54.99,/each,https://downtownlumber.com/p/2x10x20-premium-spf/21020,https://ik.imagekit.io/toolbx/p_1657818792872_6d742dfc-468a-4720-b19a-c4e791229f71.jpg
Lumber,"1x12"" Poplar Lumber (sold by LF)",112PP,9.49,/foot,https://downtownlumber.com/p/1x12-poplar-lumber-sold-by-lf/112PP,https://ik.imagekit.io/toolbx/p_1657819380230_cd7ecdaf-9ce3-44ab-a493-01e604fd4654.jpg
Lumber,1x4x8' Sienna Pressure Treated Lumber,148PT,5.29,/each,https://downtownlumber.com/p/1x4x8-sienna-pressure-treated-lumber/148PT,https://ik.imagekit.io/toolbx/p_1657819316699_fcf16940-aa36-44d1-841b-69a6b12983b6.jpg
Lumber,"Spiral Ardox Galvanized Nails 8"" -50lbs",2130928,184.99,/each,https://downtownlumber.com/p/spiral-ardox-galvanized-nails-8-50lbs/2130928,https://ik.imagekit.io/toolbx/p_1657819053366_fdcad98b-7c49-4a0e-ba4b-e6cf5d6e76e3.jpg
Lumber,"Joist Hanger Single 2x10"" 18 Gauge G185",210JH,3.19,/each,https://downtownlumber.com/p/joist-hanger-single-2x10-18-gauge-g185/210JH,https://ik.imagekit.io/toolbx/p_1657819048226_82e83f3c-6a4c-438b-881b-3ae5bf79e031.jpg
Lumber,"Tapcon 1/4x1-1/4"" Blue Flat Head Concrete Screws - 25 pc",2188017,12.99,/each,https://downtownlumber.com/p/tapcon-14x1-14-blue-flat-head-concrete-screws-25-pc/2188017,https://ik.imagekit.io/toolbx/p_1657819358908_0ced9fe0-4c55-4c32-b1cc-541fe4c02852.jpg
Lumber,2x2x12' Select SPF,2212,5.99,/each,https://downtownlumber.com/p/2x2x12-select-spf/2212,https://toolbx-product-catalog.s3.us-east-1.amazonaws.com/ecommerce/CatalogOPSProject/TLBX/TLBX-01-109-0202.png
Lumber,"2x8"" Pine #1 (sold by LF)",28P,4.19,/each,https://downtownlumber.com/p/2x8-pine-1-sold-by-lf/28P,https://ik.imagekit.io/toolbx/p_1657819333867_6be0bf94-9397-4770-a345-abd678414145.jpg
Lumber,2x6x20' Premium SPF,2620,29.98,/each,https://downtownlumber.com/p/2x6x20-premium-spf/2620,https://ik.imagekit.io/toolbx/p_1657819320028_780b9a90-48f8-43a7-9c33-5ae5c06d5d38.jpg
Lumber,"Yellow Zinc Plated All Purpose Screws #8x2""- 100 pc",2182436,11.99,/each,https://downtownlumber.com/p/yellow-zinc-plated-all-purpose-screws-8x2-100-pc/2182436,https://ik.imagekit.io/toolbx/ecommerce/DTL/16.9.22/YZPAPS.png
Lumber,"1x2"" Pine #1 (sold by LF)",12P,0.69,/foot,https://downtownlumber.com/p/1x2-pine-1-sold-by-lf/12P,https://ik.imagekit.io/toolbx/p_1657820090483_432dbd50-50ea-424b-b7b1-31c128af5e99.jpg
Lumber,2x12x18' Premium SPF,21218,76.97,/each,https://downtownlumber.com/p/2x12x18-premium-spf/21218,https://ik.imagekit.io/toolbx/p_1657819393304_1b31a116-84b6-42c5-b755-29df69430ed2.jpg
Lumber,"Brown Deck Screws #10x3-1/2"" 50pk",2183355,12.99,/each,https://downtownlumber.com/p/brown-deck-screws-10x3-12-50pk/2183355,https://ik.imagekit.io/toolbx/src-img/105494611343
Lumber,"Ramset 1-1/4"" Ramset Nails - 100pk",2154821,25.99,/each,https://downtownlumber.com/p/ramset-1-14-ramset-nails-100pk/2154821,https://ik.imagekit.io/toolbx/p_1657820263254_73450437-be8e-48ff-8e39-eacc702f8b68.jpg
Lumber,"Pasload 3-1/4"" Galvanized Strip Nails - 1,500 Pack",800908,129.99,/each,https://downtownlumber.com/p/pasload-3-14-galvanized-strip-nails-1500-pack/800908,https://ik.imagekit.io/toolbx/p_1677992957613_57a5cb88-f268-44db-b525-1d95864007ba_800908.jpg
Lumber,"1x2"" Clear Pine (sold by LF)",12CP,0.99,/each,https://downtownlumber.com/p/1x2-clear-pine-sold-by-lf/12CP,https://ik.imagekit.io/toolbx/p_1657819085402_29183096-8fc0-46ff-9c50-00fda932ff6a.jpg
Lumber,"Poly 12""x300' Roll Super Six 6mil Clear Film",CGSB300,32.99,/each,https://downtownlumber.com/p/poly-12x300-roll-super-six-6mil-clear-film/CGSB300,https://ik.imagekit.io/toolbx/p_1657826465868_e993c2f6-7731-4854-936b-91d5bc1a1196.jpg
Lumber,"1x12"" Pine #1 (sold by LF)",112P,3.29,/foot,https://downtownlumber.com/p/1x12-pine-1-sold-by-lf/112P,https://ik.imagekit.io/toolbx/p_1657820982753_2ecd6443-7c9b-4f01-81fc-41a3860bd0b2.jpg
Lumber,"Brown Deck Screws #8x1-1/2"" - 100 pc",2183325,12.99,/each,https://downtownlumber.com/p/brown-deck-screws-8x1-12-100-pc/2183325,https://ik.imagekit.io/toolbx/src-img/153392415596
Lumber,"Wood Screws Zinc Plated #8x2""- 100 pc",2174505,10.49,/each,https://downtownlumber.com/p/wood-screws-zinc-plated-8x2-100-pc/2174505,https://ik.imagekit.io/toolbx/p_1657819400441_b84fc281-df0f-489c-a05a-510b3563ebcc.jpg
Lumber,"Flatlok Structural Wood Screws 5""- 50 pcs",5FL50,84.99,/each,https://downtownlumber.com/p/flatlok-structural-wood-screws-5-50-pcs/5FL50,https://ik.imagekit.io/toolbx/p_1676783645658_a2783823-a236-423c-8e7f-3ab21af96e6d_5FL50.jpg
Lumber,2x8x14' Premium SPF,2814,26.98,/each,https://downtownlumber.com/p/2x8x14-premium-spf/2814,https://ik.imagekit.io/toolbx/p_1657848610334_1d5aab3b-82c0-43b4-8b0b-7ae09c242064.jpg
Lumber,Post Holder Bolt Down 4 x 4 Black,160,14.99,/each,https://downtownlumber.com/p/post-holder-bolt-down-4-x-4-black/160,https://ik.imagekit.io/toolbx/p_1670562549645_ed4e8088-cbe2-46d1-bfe5-d574d4ca017b_160.jpg
Lumber,2x10x14' Premium SPF,21014,31.99,/each,https://downtownlumber.com/p/2x10x14-premium-spf/21014,https://ik.imagekit.io/toolbx/p_1657814489219_68e4b21f-dbd1-45d1-a8d5-68c6b4a168ac.jpg
Lumber,"2x6"" Grade #1 & 2 Dressed Four Sides Kiln Dried Pine (sold by LF)",26P,2.99,/each,https://downtownlumber.com/p/2x6-grade-1-2-dressed-four-sides-kiln-dried-pine-sold-by-lf/26P,https://ik.imagekit.io/toolbx/p_1657819291049_304dd898-9f63-481c-88ad-d648b719d291.jpg
Lumber,"1/2x1/2"" Pine Quarter Round Moulding (sold by LF)",QUA006P,0.69,/each,https://downtownlumber.com/p/12x12-pine-quarter-round-moulding-sold-by-lf/QUA006P,https://ik.imagekit.io/toolbx/p_1657814468966_de92674f-aa7a-463c-a9dd-68b83f9058d1.jpg
Lumber,"2x10"" Pine #1 (sold by LF)",210P,4.99,/each,https://downtownlumber.com/p/2x10-pine-1-sold-by-lf/210P,https://ik.imagekit.io/toolbx/p_1657823146477_e1a4ea55-cd74-49e8-8dcc-54a9460daa8e.jpg
Lumber,"Carport Saddle Bracket 4""x4"" 13 Gauge Galvanized",354,6.99,/each,https://downtownlumber.com/p/carport-saddle-bracket-4x4-13-gauge-galvanized/354,https://ik.imagekit.io/toolbx/p_1657819396676_e2fa36f1-076f-4e25-acfe-4fa0b01ea212.jpg
Lumber,Joist Hanger Triple 2x8 G185,228-3,2.99,/each,https://downtownlumber.com/p/joist-hanger-triple-2x8-g185/228-3,https://ik.imagekit.io/toolbx/p_1657819441709_fa4bf990-fca8-48f3-a1c4-7f2baee34e6f.jpg
Lumber,"2-1/2x9-1/2"" Face Mount Hanger",IUS25695,4.99,/each,https://downtownlumber.com/p/2-12x9-12-face-mount-hanger/IUS25695,https://ik.imagekit.io/toolbx/p_1657819374034_b1054616-94f8-4ad2-acd6-919b94688ce2.jpg
Lumber,Post Holder Bolt Down 6 x 6 Black,162,28.99,/each,https://downtownlumber.com/p/post-holder-bolt-down-6-x-6-black/162,https://ik.imagekit.io/toolbx/p_1670562610656_e2243fb3-9653-4e5e-888a-73ab7aad6e8d_162.jpg
Lumber,"Hanger For LVL 7-1/4x10"" HUS72510 Quad Face Mount",HGUS72510,44.99,/each,https://downtownlumber.com/p/hanger-for-lvl-7-14x10-hus72510-quad-face-mount/HGUS72510,https://ik.imagekit.io/toolbx/p_1675919407785_e8c14443-2e05-4d7e-83fb-647d32d0166c_HGUS72510.jpg
Lumber,"2-1/2x11-7/8"" Top Mount Hanger",LT251188,4.99,/each,https://downtownlumber.com/p/2-12x11-78-top-mount-hanger/LT251188,https://ik.imagekit.io/toolbx/p_1657819312982_3f051a5e-e483-46e9-90b6-edf57a2b12cb.jpg
Lumber,Joist Hanger Double 2x8 G185,458-3,2.49,/each,https://downtownlumber.com/p/joist-hanger-double-2x8-g185/458-3,https://ik.imagekit.io/toolbx/p_1657819427986_f2d43f8d-0d0e-406b-9893-dec14226ddf0.jpg
Lumber,Hanger For LVL 3-1/2x8 HGUS48 Double Face Mount,HGUS48,26.99,/each,https://downtownlumber.com/p/hanger-for-lvl-3-12x8-hgus48-double-face-mount/HGUS48,https://ik.imagekit.io/toolbx/p_1675919066611_55638567-e981-4b5d-ac64-c776f88b0d70_HGUS48.jpg
Lumber,"2-1/2x11-7/8"" Face Mount Hanger",IUS2561188,4.99,/each,https://downtownlumber.com/p/2-12x11-78-face-mount-hanger/IUS2561188,https://ik.imagekit.io/toolbx/p_1657821903603_61a2337b-56c3-4d50-8bb1-276e9f8740c6.jpg
Lumber,Joist Hanger Double 2x10 G185,462-3,2.29,/each,https://downtownlumber.com/p/joist-hanger-double-2x10-g185/462-3,https://ik.imagekit.io/toolbx/p_1657821880520_81b7a643-d49d-44ed-a7cd-9c1053048a65.jpg
Lumber,"1x6"" T&G Clear Cedar (sold by LF)",16TGCC,7.69,/each,https://downtownlumber.com/p/1x6-tg-clear-cedar-sold-by-lf/16TGCC,https://ik.imagekit.io/toolbx/p_1676351349575_26fd91e6-43f2-45f1-8f89-0f07e43dcf37_16TGCC.jpg
Lumber,"1x4"" T&G Clear Cedar (Sold By Linear Foot)",14TGCC,4.49,/each,https://downtownlumber.com/p/1x4-tg-clear-cedar-sold-by-linear-foot/14TGCC,https://ik.imagekit.io/toolbx/p_1657814467106_e25f7652-4b93-4bf2-8bc7-f0e92c057609.jpg
Lumber,Knotty Cedar 1x6x8' T&G,16TGC,27.49,/each,https://downtownlumber.com/p/knotty-cedar-1x6x8-tg/16TGC,https://ik.imagekit.io/toolbx/p_1606681148430_4a718d69-1b05-447e-a7c6-8034a88e041d.jpg
Lumber,"End Cut Wood Preservative Sealer - Sienna, 946 ml",1874950,21.99,/each,https://downtownlumber.com/p/end-cut-wood-preservative-sealer-sienna-946-ml/1874950,https://ik.imagekit.io/toolbx/p_1657819331805_43688525-4fad-4f39-8c4f-d3ff43053c7d.jpg
Lumber,LVL Beam 11-7/8x12',11LVL-12,119.88,/each,https://downtownlumber.com/p/lvl-beam-11-78x12/11LVL-12,https://ik.imagekit.io/toolbx/demo/catalog-images/toolbxLVL_2-198d84580f2.png
Lumber,LVL Beam 11-7/8x10',11LVL-10,99.90,/each,https://downtownlumber.com/p/lvl-beam-11-78x10/11LVL-10,https://ik.imagekit.io/toolbx/demo/catalog-images/toolbxLVL_2-198d84580f2.png
Lumber,LVL Beam 7-1/4x16',7LVL-16,95.84,/each,https://downtownlumber.com/p/lvl-beam-7-14x16/7LVL-16,https://ik.imagekit.io/toolbx/demo/catalog-images/toolbxLVL_2-198d84580f2.png
Lumber,LVL Beam 11-7/8x14',11LVL-14,139.86,/each,https://downtownlumber.com/p/lvl-beam-11-78x14/11LVL-14,https://ik.imagekit.io/toolbx/demo/catalog-images/toolbxLVL_2-198d84580f2.png
Lumber,LVL Beam 11-7/8x20',11LVL-20,199.80,/each,https://downtownlumber.com/p/lvl-beam-11-78x20/11LVL-20,https://ik.imagekit.io/toolbx/demo/catalog-images/toolbxLVL_2-198d84580f2.png
Lumber,LVL Beam 11-7/8x16',11LVL-16,159.84,/each,https://downtownlumber.com/p/lvl-beam-11-78x16/11LVL-16,https://ik.imagekit.io/toolbx/demo/catalog-images/toolbxLVL_2-198d84580f2.png
Lumber,LVL Beam 9-1/2x14',9LVL-14,111.86,/each,https://downtownlumber.com/p/lvl-beam-9-12x14/9LVL-14,https://ik.imagekit.io/toolbx/demo/catalog-images/toolbxLVL_2-198d84580f2.png
Lumber,LVL Beam 7-1/4x20',7LVL-20,119.80,/each,https://downtownlumber.com/p/lvl-beam-7-14x20/7LVL-20,https://ik.imagekit.io/toolbx/demo/catalog-images/toolbxLVL_2-198d84580f2.png
Lumber,LVL Beam 9-1/2x12',9LVL-12,95.88,/each,https://downtownlumber.com/p/lvl-beam-9-12x12/9LVL-12,https://ik.imagekit.io/toolbx/demo/catalog-images/toolbxLVL_2-198d84580f2.png
Lumber,LVL Beam 11-7/8x18',11LVL-18,179.82,/each,https://downtownlumber.com/p/lvl-beam-11-78x18/11LVL-18,https://ik.imagekit.io/toolbx/demo/catalog-images/toolbxLVL_2-198d84580f2.png
Lumber,LVL Beam 9-1/2x20',9LVL-20,159.80,/each,https://downtownlumber.com/p/lvl-beam-9-12x20/9LVL-20,https://ik.imagekit.io/toolbx/demo/catalog-images/toolbxLVL_2-198d84580f2.png
Lumber,LVL Beam 11-7/8x8',11LVL-8,79.92,/each,https://downtownlumber.com/p/lvl-beam-11-78x8/11LVL-8,https://ik.imagekit.io/toolbx/demo/catalog-images/toolbxLVL_2-198d84580f2.png
Lumber,LVL Beam 9-1/2x16',9LVL-16,127.84,/each,https://downtownlumber.com/p/lvl-beam-9-12x16/9LVL-16,https://ik.imagekit.io/toolbx/demo/catalog-images/toolbxLVL_2-198d84580f2.png
Lumber,LVL Beam 9-1/2x18',9LVL-18,143.82,/each,https://downtownlumber.com/p/lvl-beam-9-12x18/9LVL-18,https://ik.imagekit.io/toolbx/demo/catalog-images/toolbxLVL_2-198d84580f2.png
Lumber,LVL Beam 9-1/2x10',9LVL-10,79.90,/each,https://downtownlumber.com/p/lvl-beam-9-12x10/9LVL-10,https://ik.imagekit.io/toolbx/demo/catalog-images/toolbxLVL_2-198d84580f2.png
Lumber,LVL Beam 9-1/2x8',9LVL-8,63.92,/each,https://downtownlumber.com/p/lvl-beam-9-12x8/9LVL-8,https://ik.imagekit.io/toolbx/demo/catalog-images/toolbxLVL_2-198d84580f2.png
Lumber,"Spiral Ardox Nails 3-1/4"" -250pk",2130483,23.99,/each,https://downtownlumber.com/p/spiral-ardox-nails-3-14-250pk/2130483,https://ik.imagekit.io/toolbx/p_1681618544364_1c484b3d-919d-4d5a-9feb-deb07e49c7bf_2130483.jpg
Lumber,"I-Joist P3-80 (2X4) 9 1/2""X16'",RFPI80912-16,84.64,/each,https://downtownlumber.com/p/i-joist-p3-80-2x4-9-12x16/RFPI80912-16,https://ik.imagekit.io/toolbx/p_1675919392941_1b10619c-d8d5-46a1-8e59-401ecaa8a417_RFPI80912-16.jpg
Lumber,"LVL BEAM 14""X12'",14LVL-12,143.88,/each,https://downtownlumber.com/p/lvl-beam-14x12/14LVL-12,https://ik.imagekit.io/toolbx/src-img/158706539262
Lumber,2x4x8' LVL Stud,312LVLS-8,22.32,/each,https://downtownlumber.com/p/2x4x8-lvl-stud/312LVLS-8,https://ik.imagekit.io/toolbx/demo/catalog-images/toolbxLVL_2-198d84580f2.png
Lumber,"I Joist P3-80 (2X4) 9 1/2""X20'",RFPI80912-20,105.80,/each,https://downtownlumber.com/p/i-joist-p3-80-2x4-9-12x20/RFPI80912-20,https://ik.imagekit.io/toolbx/p_1675919384022_f3881e63-fde0-4d78-bde8-c2d3bf6b3015_RFPI80912-20.jpg
Lumber,"Brown Deck Screws #10 x 4"" 10lbs",2183360,69.99,/each,https://downtownlumber.com/p/brown-deck-screws-10-x-4-10lbs/2183360,https://ik.imagekit.io/toolbx/p_1681618498536_9654c9a8-22e9-4922-9fe5-21ba71e307cb_2183360.jpg
Lumber,"LVL BEAM 7 1/4""X14'",7LVL-14,83.86,/each,https://downtownlumber.com/p/lvl-beam-7-14x14/7LVL-14,https://ik.imagekit.io/toolbx/src-img/158706539262
Lumber,Joist Hanger True Double 4x10,T410JH,3.99,/each,https://downtownlumber.com/p/joist-hanger-true-double-4x10/T410JH,https://ik.imagekit.io/toolbx/1741613073600
Lumber,End Cut Wood Preservative Sealer- Sienna 3.78l,1874952,44.99,/each,https://downtownlumber.com/p/end-cut-wood-preservative-sealer-sienna-378l/1874952,https://ik.imagekit.io/toolbx/p_1670389761082_4fa21815-2158-4234-831b-0f8c2e5dfb69_1874952.jpg
Lumber,"LVL BEAM 16""X18'",16LVL-18,269.82,/each,https://downtownlumber.com/p/lvl-beam-16x18/16LVL-18,https://ik.imagekit.io/toolbx/src-img/158706539262
Lumber,"Brown Deck Screws #8 x 1-1/2"" 600pc",2183378,33.99,/each,https://downtownlumber.com/p/brown-deck-screws-8-x-1-12-600pc/2183378,https://ik.imagekit.io/toolbx/p_1681618475635_8531af66-0674-4165-bc82-21598f0fa06d_2183378.jpg
Lumber,"LVL BEAM 7-1/4""X12'",7LVL-12,71.88,/each,https://downtownlumber.com/p/lvl-beam-7-14x12/7LVL-12,https://ik.imagekit.io/toolbx/src-img/158706539262
Lumber,"LVL BEAM 14""X20'",14LVL-20,239.80,/each,https://downtownlumber.com/p/lvl-beam-14x20/14LVL-20,https://ik.imagekit.io/toolbx/src-img/158706539262
Lumber,2x4x16' LVL Stud,312LVLS-16,44.64,/each,https://downtownlumber.com/p/2x4x16-lvl-stud/312LVLS-16,https://ik.imagekit.io/toolbx/demo/catalog-images/toolbxLVL_2-198d84580f2.png
Lumber,2x8x16' Premium WR Cedar,2816C,103.00,/each,https://downtownlumber.com/p/2x8x16-premium-wr-cedar/2816C,https://ik.imagekit.io/toolbx/ecommerce/DTL/10.03.22/2x8cedar.png
Lumber,Joist Hanger Single G185 2x8-10,28JH,2.19,/each,https://downtownlumber.com/p/joist-hanger-single-g185-2x8-10/28JH,https://ik.imagekit.io/toolbx/p_1683087493433_e0dc507f-0141-48df-97ad-0418863a860e_28JH.jpg
Lumber,"LVL BEAM 16""X20'",16LVL-20,299.80,/each,https://downtownlumber.com/p/lvl-beam-16x20/16LVL-20,https://ik.imagekit.io/toolbx/src-img/158706539262
Lumber,Joist Hanger True Double 4x8,T48JH,3.99,/each,https://downtownlumber.com/p/joist-hanger-true-double-4x8/T48JH,https://ik.imagekit.io/toolbx/1741612967238
Lumber,5/4x6x14' Cedar Deck Boards WR,5414C,38.99,/each,https://downtownlumber.com/p/54x6x14-cedar-deck-boards-wr/5414C,https://ik.imagekit.io/toolbx/ecommerce/DTL/10.03.22/54x6cedar.png
Lumber,"Rimboard 1 1/8""x14""x12'",14RIM,56.99,/each,https://downtownlumber.com/p/rimboard-1-18x14x12/14RIM,https://ik.imagekit.io/toolbx/p_1677647725117_c34b6c5c-1ad0-4b15-89eb-91977f6a7a80_14RIM.jpg
Lumber,"Brown Deck Screws #8 x 1-1/2"" 20lbs",2183326,109.99,/each,https://downtownlumber.com/p/brown-deck-screws-8-x-1-12-20lbs/2183326,https://ik.imagekit.io/toolbx/p_1681618507595_cc121da4-d6e5-4f82-b708-526316205df4_2183326.jpg
Lumber,"Deckorators Round Baluster Black 3/4"" x 36"" 10pk",2527292,54.99,/each,https://downtownlumber.com/p/deckorators-round-baluster-black-34-x-36-10pk/2527292,https://ik.imagekit.io/toolbx/p_1685851311917_e567c24a-c2f2-46d9-9c26-0791c9907202_2527292.jpg
Lumber,"LVL BEAM 7-1/4""X10'",7LVL-10,59.90,/each,https://downtownlumber.com/p/lvl-beam-7-14x10/7LVL-10,https://ik.imagekit.io/toolbx/src-img/158706539262
Lumber,2x4x12' LVL Stud,312LVL-12,33.48,/each,https://downtownlumber.com/p/2x4x12-lvl-stud/312LVL-12,https://ik.imagekit.io/toolbx/demo/catalog-images/toolbxLVL_2-198d84580f2.png
Lumber,2x6x12' LVL Stud,512LVLS-12,50.28,/each,https://downtownlumber.com/p/2x6x12-lvl-stud/512LVLS-12,https://ik.imagekit.io/toolbx/demo/catalog-images/toolbxLVL_2-198d84580f2.png
Lumber,2x6x10' LVL Stud,512LVLS-10,41.90,/each,https://downtownlumber.com/p/2x6x10-lvl-stud/512LVLS-10,https://ik.imagekit.io/toolbx/demo/catalog-images/toolbxLVL_2-198d84580f2.png
Lumber,"Joist Protector Guard 4""x75'",2745844,18.49,/each,https://downtownlumber.com/p/joist-protector-guard-4x75/2745844,https://ik.imagekit.io/toolbx/p_1670303401173_523b32e7-b3cf-408a-8a87-83d4c2147468_2745844.jpg
Lumber,"Spiral Ardox Galvanized Nails 2"" -600pk",2130402,23.99,/each,https://downtownlumber.com/p/spiral-ardox-galvanized-nails-2-600pk/2130402,https://ik.imagekit.io/toolbx/p_1681618535295_6960964d-cdab-49d0-a25a-b318c5f5c151_2130402.jpg
Lumber,"Brown Deck Screws #8 x 1-1/4"" 20lbs",2183322,109.99,/each,https://downtownlumber.com/p/brown-deck-screws-8-x-1-14-20lbs/2183322,https://ik.imagekit.io/toolbx/p_1681618503058_3a7d73ee-d3f8-4f26-a9c7-719d43868722_2183322.jpg
Lumber,"Brown Deck Screws #8 x 2"" 400pc",2183387,29.99,/each,https://downtownlumber.com/p/brown-deck-screws-8-x-2-400pc/2183387,https://ik.imagekit.io/toolbx/p_1681618480593_057294eb-45a5-4f73-b93a-00c65d7be5df_2183387.jpg
Lumber,"I-Joist P3-80 (2X4) 9 1/2""X18'",RFPI80912-18,95.22,/each,https://downtownlumber.com/p/i-joist-p3-80-2x4-9-12x18/RFPI80912-18,https://ik.imagekit.io/toolbx/p_1675919397679_8ff10914-198a-4594-b365-507bc8d20953_RFPI80912-18.jpg
Lumber,2x8x14' Premium WR Cedar,2814C,89.99,/each,https://downtownlumber.com/p/2x8x14-premium-wr-cedar/2814C,https://ik.imagekit.io/toolbx/p_1669784654995_d01db3da-3931-4223-a21d-53a9dc5a085f_2814C.jpg
Lumber,"LVL BEAM 16""X16'",16LVL-16,239.84,/each,https://downtownlumber.com/p/lvl-beam-16x16/16LVL-16,https://ik.imagekit.io/toolbx/src-img/158706539262
Lumber,"Brown Deck Screws #10 x 3-1/2"" -175pc",2183383,32.99,/each,https://downtownlumber.com/p/brown-deck-screws-10-x-3-12-175pc/2183383,https://ik.imagekit.io/toolbx/p_1681618494232_21e859e6-dd1d-4816-84ee-775204c4f6dd_2183383.jpg
Lumber,2x6x20' LVL Stud,512LVLS-20,83.80,/each,https://downtownlumber.com/p/2x6x20-lvl-stud/512LVLS-20,https://ik.imagekit.io/toolbx/demo/catalog-images/toolbxLVL_2-198d84580f2.png
Lumber,Gate Bracket Kit Black,2373504,38.99,/each,https://downtownlumber.com/p/gate-bracket-kit-black/2373504,https://ik.imagekit.io/toolbx/p_1669784995761_7c4f2f5a-7325-46de-a4e0-09dd007fd833_2373504.jpg
Lumber,"LVL BEAM 16""X8'",16LVL-8,119.92,/each,https://downtownlumber.com/p/lvl-beam-16x8/16LVL-8,https://ik.imagekit.io/toolbx/src-img/158706539262
Lumber,"FlatLOK Flathead 6-3/4"" - Single",634FL,2.69,/each,https://downtownlumber.com/p/flatlok-flathead-6-34-single/634FL,https://ik.imagekit.io/toolbx/ecommerce/DTL/634FL.png
Lumber,4x4x16' Sienna Pressure Treated Lumber,4416PT,36.99,/each,https://downtownlumber.com/p/4x4x16-sienna-pressure-treated-lumber/4416PT,https://ik.imagekit.io/toolbx/p_1679458940765_05a48c85-d3fe-47ec-a796-f1d45bca2861_4416PT.jpg
Lumber,Joist Hanger True Single 2x10,TJ210,3.99,/each,https://downtownlumber.com/p/joist-hanger-true-single-2x10/TJ210,https://ik.imagekit.io/toolbx/1741612820712
Lumber,"LVL BEAM 16""X14'",16LVL-14,209.86,/each,https://downtownlumber.com/p/lvl-beam-16x14/16LVL-14,https://ik.imagekit.io/toolbx/src-img/158706539262
Lumber,"I-Joist P3-80 (2x4) 9 1/2""x12'",RFPI80912-12,63.48,/each,https://downtownlumber.com/p/i-joist-p3-80-2x4-9-12x12/RFPI80912-12,https://ik.imagekit.io/toolbx/p_1675918922585_b34c3726-8b9d-41d3-961b-f64dad677206_RFPI80912-12.jpg
Lumber,"Deckorators Round Baluster Black 3/4"" x 32"" 10pk",2527302,49.99,/each,https://downtownlumber.com/p/deckorators-round-baluster-black-34-x-32-10pk/2527302,https://ik.imagekit.io/toolbx/p_1685851312776_fb4ce510-0f65-4703-8598-1f8736d5acd6_2527302.jpg
Lumber,"LVL BEAM 14""X8'",14LVL-8,95.92,/each,https://downtownlumber.com/p/lvl-beam-14x8/14LVL-8,https://ik.imagekit.io/toolbx/src-img/158706539262
Lumber,"LVL BEAM 14""X14'",14LVL-14,167.86,/each,https://downtownlumber.com/p/lvl-beam-14x14/14LVL-14,https://ik.imagekit.io/toolbx/src-img/158706539262
Lumber,Joist Hanger True Single 2x8,TJ28,3.99,/each,https://downtownlumber.com/p/joist-hanger-true-single-2x8/TJ28,https://ik.imagekit.io/toolbx/1741612778493
Lumber,"LVL BEAM 7-1/4""X8'",7LVL-8,47.92,/each,https://downtownlumber.com/p/lvl-beam-7-14x8/7LVL-8,https://ik.imagekit.io/toolbx/src-img/158706539262
Lumber,"Rimboard 1 1/8""x16""x12'",16RIM,64.99,/each,https://downtownlumber.com/p/rimboard-1-18x16x12/16RIM,https://ik.imagekit.io/toolbx/p_1677647729496_45aa450a-5df5-454e-9348-ab57484d2a94_16RIM.jpg
Lumber,PL Premium Construction Adhesive 825ml,2030590,19.49,/each,https://downtownlumber.com/p/pl-premium-construction-adhesive-825ml/2030590,https://ik.imagekit.io/toolbx/p_1670130635551_200d81b8-8932-4ca6-8a2e-b2a6e9adfdfd_2030590.jpg
Lumber,2X10X14' Sienna Pressure Treated Lumber,21014PT,44.98,/each,https://downtownlumber.com/p/2x10x14-sienna-pressure-treated-lumber/21014PT,https://ik.imagekit.io/toolbx/p_1679458936202_1a61fb1b-9446-40ea-aa2f-4898fb436ef5_21014PT.jpg
Lumber,2x6x16' LVL Stud,512LVLS-16,67.04,/each,https://downtownlumber.com/p/2x6x16-lvl-stud/512LVLS-16,https://ik.imagekit.io/toolbx/demo/catalog-images/toolbxLVL_2-198d84580f2.png
Lumber,"Brown Deck Screws #8 x 3"" -300pc",2183393,33.99,/each,https://downtownlumber.com/p/brown-deck-screws-8-x-3-300pc/2183393,https://ik.imagekit.io/toolbx/p_1681618489643_5cb49162-f7fc-4c8b-a2a8-4fdf32966ac7_2183393.jpg
Lumber,"LVL BEAM 7 1/4""X18'",7LVL-18,107.82,/each,https://downtownlumber.com/p/lvl-beam-7-14x18/7LVL-18,https://ik.imagekit.io/toolbx/src-img/158706539262
Lumber,"Spiral Ardox Galvanized Nails 3-1/2"" -150pk",2130385,22.99,/each,https://downtownlumber.com/p/spiral-ardox-galvanized-nails-3-12-150pk/2130385,https://ik.imagekit.io/toolbx/p_1681618539915_bfad82de-a0a3-4d3b-9c57-cb5a07d5c32f_2130385.jpg
Lumber,2x6x8' LVL Stud,512LVLS-8,33.52,/each,https://downtownlumber.com/p/2x6x8-lvl-stud/512LVLS-8,https://ik.imagekit.io/toolbx/demo/catalog-images/toolbxLVL_2-198d84580f2.png
Lumber,Gate Hardware Kit Black 3pc,2373005,37.99,/each,https://downtownlumber.com/p/gate-hardware-kit-black-3pc/2373005,https://ik.imagekit.io/toolbx/p_1669784991037_c57fd50b-0075-4a8f-9c71-955ae2921b98_2373005.jpg
Lumber,Deckorators Round Baluster Connectors Stair Angle Black 20pk,2527332,12.49,/each,https://downtownlumber.com/p/deckorators-round-baluster-connectors-stair-angle-black-20pk/2527332,https://ik.imagekit.io/toolbx/p_1685851291532_433cd78a-89d5-43db-868d-04198f937822_2527332.jpg
Lumber,2x8x10' Premium WR Cedar,2810C,64.97,/each,https://downtownlumber.com/p/2x8x10-premium-wr-cedar/2810C,https://ik.imagekit.io/toolbx/p_1669784458224_36d73737-6c77-49a2-af30-f8a060bdb1c3_2810C.jpg
Lumber,"Deckorators Round Baluster Black 3/4"" x 26"" 10pc",2527290,42.99,/each,https://downtownlumber.com/p/deckorators-round-baluster-black-34-x-26-10pc/2527290,https://ik.imagekit.io/toolbx/p_1685851306914_37c45348-c8aa-4cf6-b9e4-0286e10e210d_2527290.jpg
Lumber,6x6x8' Sienna Pressure Treated Lumber,668PT,44.98,/each,https://downtownlumber.com/p/6x6x8-sienna-pressure-treated-lumber/668PT,https://ik.imagekit.io/toolbx/src-img/199514432099
Lumber,Deckorators Black Fence Rail Bracket 2 x 4 2pk,2527335,13.99,/each,https://downtownlumber.com/p/deckorators-black-fence-rail-bracket-2-x-4-2pk/2527335,https://ik.imagekit.io/toolbx/p_1685851317527_fadf697d-70a8-4c9d-a11c-70fdba380cce_2527335.jpg
Lumber,Hanger For LVL 5-1/4x9 HGUS55010 Triple Face Mount,HGUS55010,27.99,/each,https://downtownlumber.com/p/hanger-for-lvl-5-14x9-hgus55010-triple-face-mount/HGUS55010,https://ik.imagekit.io/toolbx/p_1657823737750_0868b146-9185-4210-a5bf-8ebc9ef803da.jpg
Lumber,"LVL BEAM 14""X10'",14LVL-10,119.90,/each,https://downtownlumber.com/p/lvl-beam-14x10/14LVL-10,https://ik.imagekit.io/toolbx/src-img/158706539262
Lumber,"LVL BEAM 14""X16'",14LVL-16,191.84,/each,https://downtownlumber.com/p/lvl-beam-14x16/14LVL-16,https://ik.imagekit.io/toolbx/src-img/158706539262
Lumber,"I-Joist P3-80 (2x4) 9 1/2""x8'",RFPI80912-8,42.32,/each,https://downtownlumber.com/p/i-joist-p3-80-2x4-9-12x8/RFPI80912-8,https://ik.imagekit.io/toolbx/p_1675919402752_0e5ef179-3b39-4e1a-803d-6ef4ea278dd5_RFPI80912-8.jpg
Lumber,"LVL BEAM 16""X10'",16LVL-10,149.90,/each,https://downtownlumber.com/p/lvl-beam-16x10/16LVL-10,https://ik.imagekit.io/toolbx/src-img/158706539262
Lumber,"LVL BEAM 14""X18'",14LVL-18,215.82,/each,https://downtownlumber.com/p/lvl-beam-14x18/14LVL-18,https://ik.imagekit.io/toolbx/src-img/158706539262
Lumber,6x6x10' Sienna Pressure Treated Lumber,6610PT,55.98,/each,https://downtownlumber.com/p/6x6x10-sienna-pressure-treated-lumber/6610PT,https://ik.imagekit.io/toolbx/src-img/199514432099
Lumber,Deckorators Round Baluster Connectors Straight Black 20pk,2527330,12.49,/each,https://downtownlumber.com/p/deckorators-round-baluster-connectors-straight-black-20pk/2527330,https://ik.imagekit.io/toolbx/p_1685851301211_02d1fbed-0ce7-4489-ba90-7ce05c5a8e33_2527330.jpg
Lumber,1x4x12' Premium WR Cedar,1412C,14.99,/each,https://downtownlumber.com/p/1x4x12-premium-wr-cedar/1412C,https://ik.imagekit.io/toolbx/ecommerce/DTL/10.03.22/1x6cedar.png
Lumber,"LVL BEAM 16""X12'",16LVL-12,179.88,/each,https://downtownlumber.com/p/lvl-beam-16x12/16LVL-12,https://ik.imagekit.io/toolbx/src-img/158706539262
Lumber,"I-Joist P3-80 (2X4) 9 1/2""X10'",RFPI80912-10,52.90,/each,https://downtownlumber.com/p/i-joist-p3-80-2x4-9-12x10/RFPI80912-10,https://ik.imagekit.io/toolbx/p_1675918921393_fce11392-1ed8-4a96-b86e-4f30c90388e6_RFPI80912-10.jpg
Lumber,2x4x10' LVL Stud,312LVL-10,27.90,/each,https://downtownlumber.com/p/2x4x10-lvl-stud/312LVL-10,https://ik.imagekit.io/toolbx/demo/catalog-images/toolbxLVL_2-198d84580f2.png
Lumber,"2x2x42"" Sienna Pressure Treated Lumber Ballister",2242PT,3.99,/each,https://downtownlumber.com/p/2x2x42-sienna-pressure-treated-lumber-ballister/2242PT,https://ik.imagekit.io/toolbx/p_1669957765421_621a5546-d55e-45b4-8c9c-ab5a5d1d5aa9_2242PT.jpg
Lumber,"I-Joist P3-80 (2X4) 9 1/2""X14'",RFPI80912-14,74.06,/each,https://downtownlumber.com/p/i-joist-p3-80-2x4-9-12x14/RFPI80912-14,https://ik.imagekit.io/toolbx/p_1675919388539_d94e2412-8ef8-46b2-8251-3b2a13665423_RFPI80912-14.jpg
Lumber,1x6x10' Sienna Pressure Treated Lumber Fence Boards,1610PT,9.49,/each,https://downtownlumber.com/p/1x6x10-sienna-pressure-treated-lumber-fence-boards/1610PT,https://ik.imagekit.io/toolbx/p_1657848613626_c7234e03-e6cb-441d-96f7-e7923facdc6a.jpg
Lumber,Cedar Wood Shims -10/10,shims,14.99,/each,https://downtownlumber.com/p/cedar-wood-shims-1010/shims,https://ik.imagekit.io/toolbx/p_1657819354734_8a8516cb-691b-4efb-9344-1bc4643df4d4.jpg
Lumber,1x4x10' Premium WR Cedar,1410C,12.49,/each,https://downtownlumber.com/p/1x4x10-premium-wr-cedar/1410C,https://ik.imagekit.io/toolbx/ecommerce/DTL/10.03.22/1x6cedar.png
